Username,Username Entropy,Username Length,VC-bin-dec,VCR,Digit Count,Digit Sum
BlackToLive,3.459431618637298,11,277,0.5714285714285714,0,0
FaurnFlamebreaker,6.143655153340667,17,49818,0.7,0,0
bill_jonson,4.255485228803097,11,274,0.42857142857142855,0,0
PurebringerOghmagra,6.310545554984032,19,168585,0.5833333333333334,0,0
clawisma,3.25,8,41,0.6,0,0
jake_browny,3.459431618637298,11,328,0.42857142857142855,0,0
Georgie_Felix,4.5726593518825025,13,1642,1.0,0,0
george_BENTLEY,4.581935602939436,14,3234,0.625,0,0
rico_penya,3.321928094887362,10,169,0.8,0,0
Leprechaun_yura,4.923898913266395,15,4709,0.75,0,0
Admiraf,2.8073549220576046,7,74,0.75,0,0
lgbtunited,3.5863137138648344,10,42,0.42857142857142855,0,0
20twony,2.8073549220576046,7,4,0.25,2,2
momaskin,3.25,8,82,0.6,0,0
FelhafymDugrel,4.323742042645493,14,4626,0.4,0,0
DoriraKam,3.689891668750007,9,170,0.8,0,0
DalaghmaMajurus,5.15332181817647,15,10410,0.6666666666666666,0,0
IfiacelMoogutaxe,4.75,16,46293,1.2857142857142858,0,0
AragelvBlackkiller,6.136508336378215,18,172306,0.5,0,0
SsoncenModifyn,4.678367555626921,14,2344,0.4,0,0
KulagdaMneriel,4.581935602939436,14,5270,0.75,0,0
BloodbearerBusius,5.560966023309403,17,26262,0.8888888888888888,0,0
SteeldefenderZululm,6.7281885936874355,19,103572,0.5833333333333334,0,0
TaushakarGrantrius,6.2517965306223395,18,103494,0.6363636363636364,0,0
FlameweaverTokazahn,5.837297657416963,19,88660,0.7272727272727273,0,0
MunirusDrelalas,5.178150992680865,15,10794,0.6666666666666666,0,0
JoJosarBlacksong,5.358458593344349,16,21572,0.45454545454545453,0,0
ZulkilkreeMazucage,5.731829863314645,18,74581,0.8,0,0
RexcliffVushura,4.415394754437457,15,8741,0.5,0,0
KizragoreMajin,4.581935602939436,14,4778,0.75,0,0
MograMarn,3.9498750024038545,9,148,0.5,0,0
RedseekerMami,4.654691765655947,13,2469,0.8571428571428571,0,0
StardwellerFordrezi,6.310545554984034,19,70213,0.46153846153846156,0,0
PaineyeDaron,4.377443751081734,12,1706,1.0,0,0
RexscarNalmekelv,5.108458593344349,16,17556,0.45454545454545453,0,0
SaberstalkerTygorr,5.654302780502145,18,83076,0.38461538461538464,0,0
GhoginnModilbine,5.466917186688699,16,10405,0.6,0,0
BeariArashura,4.921666764657423,13,3493,1.1666666666666667,0,0
ZalarGroshakar,5.397906785668067,14,5194,0.5555555555555556,0,0
DaktilarMarirus,5.3847001506444165,15,9514,0.6666666666666666,0,0
GhozarIannn,4.31495802251075,11,344,0.5714285714285714,0,0
AdofynMorakus,3.9620458286243374,13,5162,0.625,0,0
FelorielBalladolore,7.318867676538546,19,176725,0.9,0,0
SaimathJurisar,4.936561115920865,14,6698,0.75,0,0
ZulkizragoreLairdan,5.665909627929344,19,150194,0.7272727272727273,0,0
BrargasYggndis,5.194754676214808,14,2306,0.2727272727272727,0,0
FordreninDalas,4.581935602939436,14,4426,0.5555555555555556,0,0
GavidiKenrad,4.377443751081734,12,1362,0.7142857142857143,0,0
NikojindDalarad,5.0271734922481714,15,10794,0.6666666666666666,0,0
SharpgroveMagal,5.027173492248171,15,4266,0.5,0,0
AkinotilarGardana,5.827129379044817,17,87333,0.8888888888888888,0,0
ShadowhammerFelozan,5.785102391428839,19,84266,0.5833333333333334,0,0
FelorgasAlsagelv,5.608458593344349,16,21140,0.6,0,0
ArashillCererana,5.716917186688699,16,42069,0.7777777777777778,0,0
YozshulkisNighthamm,5.548478442645304,19,140420,0.35714285714285715,0,0
FelothisRagegrove,5.182166718074633,17,42149,0.7,0,0
KigagrelMightrunner,6.139157525496415,19,168466,0.46153846153846156,0,0
BalbineSnowbourne,5.427750581751144,17,38041,0.7,0,0
HugilmeenaBurinrad,5.616541669070521,18,85330,0.8,0,0
BagraBludwood,4.746864160074072,13,2342,0.625,0,0
TetaurDizragore,5.02717349224817,15,11413,0.875,0,0
KazshuraDoommaster,5.731829863314644,18,71058,0.6363636363636364,0,0
KularimGaviril,5.194754676214808,14,5418,0.75,0,0
TaulabarMumi,4.452882292327727,12,1701,1.0,0,0
NilkisZargas,4.377443751081734,12,1170,0.5,0,0
DoukasaZahelm,4.311053241399258,13,3412,0.8571428571428571,0,0
BalladoranaBalhala,7.500781051439362,18,76453,0.8,0,0
IshnntriusBufym,4.669646833851927,15,16584,0.36363636363636365,0,0
ManadorSternfont,5.608458593344349,16,21572,0.45454545454545453,0,0
SaithrisShakajas,6.0,16,25130,0.6,0,0
ArarisarStarbinder,6.416871399315106,18,174226,0.6363636363636364,0,0
MakazahnFelodwyn,4.85845859334435,16,21584,0.45454545454545453,0,0
KulaNegore,3.5863137138648344,10,341,1.0,0,0
ShalirgasFetaur,4.772921412833701,15,5270,0.6666666666666666,0,0
PeghmaGoldenfist,4.25,16,17700,0.45454545454545453,0,0
DawnravenFenritaur,6.203509029740924,18,70806,0.6363636363636364,0,0
HugirisBoth,3.724782822025898,11,676,0.5714285714285714,0,0
DilarNitius,4.04960681912215,11,662,0.8333333333333334,0,0
NelrajasAndromardre,6.310545554984034,19,152657,0.5833333333333334,0,0
DoukusGujar,4.04960681912215,11,842,0.8333333333333334,0,0
TaushuraJujind,4.678367555626922,14,6484,0.75,0,0
MavehelmMightblade,5.731829863314644,18,86277,0.5,0,0
TanrisVijinn,4.792481250360578,12,1172,0.5,0,0
MolarZulugar,4.641604167868593,12,1322,0.7142857142857143,0,0
KajizragoreJojurus,5.731829863314645,18,84650,0.8,0,0
KulariTezshura,4.581935602939436,14,5445,0.75,0,0
MorlurusShagelv,4.669646833851926,15,9492,0.5,0,0
GaranBurithris,4.936561115920864,14,5282,0.5555555555555556,0,0
JurgKagashakar,5.301474832980581,14,4426,0.5555555555555556,0,0
MalarilZolorn,5.095871572848992,13,2708,0.625,0,0
KenisLightwing,4.936561115920864,14,5252,0.4,0,0
DokelvCentrillador,5.4907270853766095,18,83018,0.5,0,0
VolkisDulmaran,4.323742042645492,14,4682,0.5555555555555556,0,0
ThobandisGavinaya,5.581545515368307,17,21077,0.7,0,0
GonosShak,3.4299083350961594,9,162,0.5,0,0
ModidredAnanadar,6.108458593344349,16,21162,0.7777777777777778,0,0
RainwormKigak,4.223651939107583,13,3210,0.625,0,0
DoukSaris,3.169925001442312,9,202,0.8,0,0
ThorisPerintrius,5.466917186688699,16,10566,0.6,0,0
MazukazahnFlamebrin,5.719866472132923,19,174162,0.5833333333333334,0,0
AdriesidaVolmaran,5.427750581751144,17,79178,0.8888888888888888,0,0
ThotiusBalis,4.1132833342948745,12,714,0.7142857142857143,0,0
KigashoBlackmoon,4.858458593344349,16,21062,0.6,0,0
YorgAndrozan,4.377443751081734,12,1162,0.5,0,0
AndromalladorAnayan,7.020417401334639,19,283306,0.7272727272727273,0,0
MorardanaForad,5.914293906255953,14,5290,0.75,0,0
GrojoraAxebinder,5.108458593344349,16,11090,0.7777777777777778,0,0
RunebringerSaberdra,6.547169503767569,19,168529,0.5833333333333334,0,0
GavirusBurus,4.717042709114585,12,1354,0.7142857142857143,0,0
GavizelMazumi,4.485258049590827,13,2709,0.8571428571428571,0,0
MajinnSpellgrove,4.75,16,20613,0.45454545454545453,0,0
RaindwellerKasho,4.75,16,25161,0.6,0,0
NafymAriugelv,3.7004397181410926,13,2228,0.625,0,0
ShalilisDaill,5.526911399397356,13,1356,0.625,0,0
vadro,2.321928094887362,5,9,0.6666666666666666,0,0
jay_cook,3.25,8,38,0.75,0,0
eblun,2.321928094887362,5,18,0.6666666666666666,0,0
marshallwayneee,5.384700150644415,15,8743,0.6666666666666666,0,0
thomas_baxter,4.223651939107583,13,658,0.5,0,0
chrisrockyou,4.377443751081735,12,291,0.5,0,0
tomwiek,2.8073549220576046,7,38,0.75,0,0
IndianaLewis666,5.2814255716626395,15,2474,1.0,3,18
peterpenpeter,6.062003307799423,13,2634,0.625,0,0
AllanMcPherson2,4.4153947544374565,15,9234,0.4,1,2
GeraldineKnapp,4.840129163233379,14,5284,0.5555555555555556,0,0
coolpau,3.0380277569312053,7,51,1.3333333333333333,0,0
RichardPhilbrick,5.358458593344349,16,18500,0.3333333333333333,0,0
MichelleBerends,5.153321818176471,15,9384,0.5,0,0
m_peltier,3.4299083350961594,9,38,0.6,0,0
hymynameisharold,5.0,16,1428,0.45454545454545453,0,0
chillypepperchilly,6.975104864436444,18,33928,0.2857142857142857,0,0
marcus_jones,3.8491229175080153,12,586,0.5714285714285714,0,0
lisa_kelley,4.31495802251075,11,338,0.6666666666666666,0,0
lipstickred,3.724782822025898,11,546,0.375,0,0
sasanbasan,4.939318034013047,10,330,0.6666666666666666,0,0
sunshinesunny,5.526911399397356,13,2216,0.4444444444444444,0,0
RichardShannon,4.936561115920864,14,4626,0.4,0,0
nu3goxyu,3.25,8,41,0.75,1,3
TaraLynnRussel,4.581935602939436,14,5138,0.4,0,0
YnellieryFezilkree,6.6579741772531404,18,39075,0.6363636363636364,0,0
MeztimGavijurus,4.415394754437457,15,9386,0.6666666666666666,0,0
DathrisKelabar,4.678367555626921,14,4394,0.5555555555555556,0,0
MeztikusVusar,4.223651939107583,13,2378,0.625,0,0
DoularZulkijas,4.581935602939436,14,6730,0.75,0,0
KariusToshura,4.746864160074072,13,2853,0.8571428571428571,0,0
KaziraSirardin,5.645812141883722,14,5458,0.75,0,0
DarimTatilar,4.717042709114585,12,1322,0.7142857142857143,0,0
FelordanaAkinojinn,5.8954055584401805,18,84820,0.8,0,0
KazitaurTruemane,5.358458593344349,16,22069,1.0,0,0
BlackforgeKazikazah,5.719866472132922,19,70314,0.5833333333333334,0,0
AdorahuginnKele,4.415394754437457,15,21829,0.875,0,0
BallariusAgamantriu,6.193114369699994,19,154275,0.9,0,0
AdorakelvFelolis,5.108458593344349,16,43562,0.7777777777777778,0,0
GholbinradCentrilsa,5.431047257361264,19,74889,0.46153846153846156,0,0
KazilCentrilhala,5.466917186688699,16,21029,0.6,0,0
DurnAdrierdana,5.194754676214808,14,4709,0.75,0,0
FrostmoonVur,4.452882292327725,12,562,0.5,0,0
LandaathDalbine,5.15332181817647,15,9765,0.6666666666666666,0,0
TygraswynBloodblade,5.431047257361263,19,16581,0.35714285714285715,0,0
TruthwindDawnhunter,6.021726340212375,19,69906,0.35714285714285715,0,0
CordalenKeralsa,5.281425571662641,15,9513,0.6666666666666666,0,0
FenriranWhiteeye,5.75,16,18989,0.7777777777777778,0,0
MarinaraMolis,5.095871572848993,13,2730,0.8571428571428571,0,0
FaucageDoomsmith,4.75,16,27332,0.7777777777777778,0,0
MalakusShagore,4.420173995332978,14,5397,0.75,0,0
DagdagrinnThordin,5.918918309104164,17,37394,0.4166666666666667,0,0
MezizilkreeRunewind,6.310545554984033,19,172884,0.7272727272727273,0,0
SaithilarOghmarus,5.427750581751144,17,51850,0.7,0,0
MoramarVorr,4.854968518473367,11,676,0.5714285714285714,0,0
AralmaranGajinn,5.765100555987184,15,21140,0.6666666666666666,0,0
ShajarDalardred,5.765100555987185,15,5282,0.5,0,0
BranayaKeletius,4.772921412833702,15,5462,0.875,0,0
BuMolhala,3.689891668750007,9,165,0.8,0,0
SaithiniusManakus,6.031286731222416,17,52010,0.8888888888888888,0,0
ThunderbringerKagre,6.310545554984034,19,74313,0.46153846153846156,0,0
AratGavith,3.850699332842307,10,660,0.6666666666666666,0,0
RedhammerVusho,4.581935602939436,14,4681,0.5555555555555556,0,0
FernRunecaster,4.936561115920865,14,4434,0.5555555555555556,0,0
DofymZumuro,4.255485228803097,11,533,0.5714285714285714,0,0
DirehammerDoomworm,6.8492902807425295,18,86628,0.6363636363636364,0,0
BuzarusNathris,4.840129163233379,14,5410,0.5555555555555556,0,0
DagdalarDoulrajas,6.218394105975325,17,38090,0.7,0,0
BeazedredLaighma,5.4669171866887,16,26929,0.7777777777777778,0,0
ShalrajasMightbring,5.78510239142884,19,76036,0.35714285714285715,0,0
BuzaradAna,3.888618701170739,10,341,1.0,0,0
TaularLightkiller,5.427750581751145,17,53778,0.5454545454545454,0,0
FenrisMnegrinn,5.559668393274524,14,4644,0.4,0,0
HellbearerIshn,4.936561115920865,14,4520,0.5555555555555556,0,0
NajasMecage,4.3149580225107504,11,661,0.8333333333333334,0,0
DokasaDoushakar,5.916078056419879,15,10954,0.875,0,0
BalaceDait,3.8886187011707385,10,342,1.0,0,0
AnararanaModith,5.40757389759094,15,21844,0.875,0,0
DougoreDaghma,4.746864160074073,13,3409,0.8571428571428571,0,0
GholbiziusGramand,4.824214432279872,17,19220,0.5454545454545454,0,0
CenradNuarad,4.717042709114585,12,1178,0.7142857142857143,0,0
MubandisAxeweaver,4.9365828543981225,17,42330,0.8888888888888888,0,0
BuriathFelordred,5.108458593344349,16,22690,0.6,0,0
GholisMazumi,3.8491229175080153,12,661,0.7142857142857143,0,0
FearlessbrewGazrago,6.256588710780456,19,205093,0.5833333333333334,0,0
DawnsongMalador,5.0271734922481714,15,8746,0.5,0,0
DagdalenShaligra,5.5,16,18985,0.6,0,0
TygolkreeTygorn,5.432403072095335,15,2244,0.36363636363636365,0,0
BlackstalkerZulkisi,6.139157525496415,19,67877,0.46153846153846156,0,0
GorgMoogukus,4.717042709114587,12,1130,0.7142857142857143,0,0
MorlugdaMugore,5.098322723527323,14,4693,0.75,0,0
KagalkisArigar,5.194754676214808,14,5290,0.75,0,0
CemeenaShaswyn,4.936561115920865,14,5776,0.5555555555555556,0,0
ZujarDalara,4.589617315084768,11,661,0.8333333333333334,0,0
OpiwieldKirr,4.452882292327726,12,2756,0.7142857142857143,0,0
AdriekusFlameworker,5.665909627929345,19,315730,0.7272727272727273,0,0
TholoreMorlurgas,5.466917186688699,16,10898,0.6,0,0
ModiborThorgalis,5.108458593344349,16,21578,0.6,0,0
KazrajoraMofyn,4.936561115920865,14,4776,0.5555555555555556,0,0
VujoraNightworker,4.936582854398123,17,43538,0.5454545454545454,0,0
MalogamandGrarne,5.5,16,21769,0.6,0,0
WrathshadeButh,4.936561115920865,14,2132,0.4,0,0
ZulkibeiTruefire,5.716917186688699,16,19253,1.0,0,0
DaitIshnth,3.850699332842307,10,416,0.42857142857142855,0,0
LasiusNalmeswyn,4.772921412833702,15,11408,0.5,0,0
NagelvConjugar,4.323742042645493,14,5194,0.5555555555555556,0,0
KajimShadoweye,4.323742042645492,14,5205,0.75,0,0
JoJotTygramand,4.581935602939436,14,5140,0.4,0,0
UmlasMekus,3.5863137138648344,10,586,0.6666666666666666,0,0
IanradKisho,3.724782822025898,11,1609,0.8333333333333334,0,0
KanosDoulrajas,4.936561115920864,14,5322,0.75,0,0
TaujinnStonewind,5.25,16,26708,0.6,0,0
DozuruSteelbringer,5.606015279620732,18,86802,0.6363636363636364,0,0
KathribandisZa,4.678367555626921,14,4425,0.5555555555555556,0,0
ThunderbringerKajin,5.90253357671288,19,74314,0.46153846153846156,0,0
MoonshadeGavifyn,4.75,16,25256,0.6,0,0
GranithisKirizar,5.858458593344349,16,10538,0.6,0,0
TetAndromalak,3.962045828624338,13,2602,0.625,0,0
PerilasBlackflame,5.540119003869394,17,43141,0.5454545454545454,0,0
BroadshaperNualar,5.693913937486558,17,25242,0.7,0,0
FordrenisBloodstaff,5.78510239142884,19,141508,0.46153846153846156,0,0
CentrilvKashura,4.4153947544374565,15,8741,0.5,0,0
RockravenShaktilmar,5.311854493861769,19,141458,0.46153846153846156,0,0
ColasDushura,4.377443751081734,12,1317,0.7142857142857143,0,0
MunilsaNilanin,5.549380189196237,14,5290,0.75,0,0
DianatiusFaern,4.936561115920865,14,6860,1.0,0,0
GoshuraAdrienn,4.323742042645492,14,4812,0.75,0,0
FenrilmaranMarin,6.075375780033048,16,18762,0.6,0,0
TygrargasShadowstaf,5.956490420916459,19,18594,0.35714285714285715,0,0
CedredKirimath,4.84012916323338,14,4692,0.5555555555555556,0,0
ZaDacage,3.4669171866886987,8,85,1.0,0,0
GravelbeardUmdar,5.716917186688699,16,10642,0.6,0,0
DutBlackshaper,4.065548482351549,14,4362,0.4,0,0
DuraKiririm,4.6397820196070025,11,682,0.8333333333333334,0,0
NikolabarMezticage,5.249624307438575,18,87189,0.8,0,0
FordregdaNualis,4.669646833851927,15,8794,0.6666666666666666,0,0
FordremeenaModred,6.543033950634341,17,35666,0.7,0,0
TaulrajasHugifyn,4.858458593344349,16,25896,0.6,0,0
FelhazarVim,3.7247828220258974,11,594,0.5714285714285714,0,0
KathridarSaigar,5.765100555987184,15,8858,0.6666666666666666,0,0
BeazedredHunin,4.936561115920865,14,6730,0.75,0,0
GuzuruKarin,4.31495802251075,11,682,0.8333333333333334,0,0
KatiusNalmeginn,4.669646833851926,15,11412,0.6666666666666666,0,0
FomandAndroath,4.840129163233379,14,5260,0.5555555555555556,0,0
KazikazahnShakalkis,6.964812542470971,19,174162,0.5833333333333334,0,0
MavegrinnOghmagar,5.785702867545905,17,42122,0.5454545454545454,0,0
YozshurnDousar,4.840129163233379,14,4378,0.5555555555555556,0,0
MalanimSashakar,5.246197898274272,15,10826,0.6666666666666666,0,0
KazilkreeGavidi,5.027173492248171,15,10453,0.875,0,0
ThetatiusTojatilar,5.847118057558767,18,44202,0.8,0,0
AndrothrisAkile,4.669646833851927,15,17493,0.6666666666666666,0,0
ZulkilmaranFearless,6.139157525496414,19,150116,0.5833333333333334,0,0
AnayarnDusar,4.717042709114585,12,2698,0.7142857142857143,0,0
AuziusPebor,3.724782822025898,11,1738,1.2,0,0
LighthammerAdora,5.0,16,16981,0.6,0,0
OghmarielMorarne,5.108458593344349,16,35625,0.7777777777777778,0,0
KeralvMalarin,4.834265462365748,13,2602,0.625,0,0
BeazekusGavilmeena,5.769590974746269,18,108877,1.0,0,0
KekoraFejar,4.255485228803097,11,682,0.8333333333333334,0,0
FaeshuraDirehammer,6.44461180767896,18,103762,0.8,0,0
FoBeazezar,4.11508495181978,10,362,1.0,0,0
KaborBearis,3.990134025414497,11,666,0.8333333333333334,0,0
GarisarCentri,4.834265462365747,13,2705,0.625,0,0
BanrisShagal,4.1887218755408675,12,1162,0.5,0,0
ZulkizuruMauzahn,5.5,16,19124,0.7777777777777778,0,0
DelameenaDailar,6.019352635401653,15,11098,1.1428571428571428,0,0
CordaradKeraswyn,5.466917186688699,16,19024,0.45454545454545453,0,0
MenrisLainn,4.31495802251075,11,588,0.5714285714285714,0,0
KejindGolabar,3.962045828624338,13,2602,0.625,0,0
MalakusGobei,3.8491229175080153,12,1355,1.0,0,0
WhispermaneGakinos,5.375438891132487,18,37546,0.6363636363636364,0,0
ToktilarJular,4.485258049590827,13,2378,0.625,0,0
ShaathRedweaver,5.384700150644415,15,6298,0.6666666666666666,0,0
GullMalazuru,5.056641667147439,12,1109,0.7142857142857143,0,0
TygozilkreeDandis,4.578630568603361,17,10450,0.5454545454545454,0,0
SamuhnCelen,3.990134025414497,11,650,0.5714285714285714,0,0
BraathGhondis,4.223651939107583,13,1554,0.4444444444444444,0,0
DarkshaperWhiteblad,5.548478442645305,19,136274,0.46153846153846156,0,0
DozahnBlacksmasher,5.249624307438575,18,82450,0.38461538461538464,0,0
MalarnBuginn,4.452882292327726,12,1300,0.5,0,0
NuadagasMudor,4.834265462365748,13,3402,0.8571428571428571,0,0
FeloraShadowbringer,5.548478442645305,19,173330,0.5833333333333334,0,0
MaloathFordrethis,5.315382159632892,17,45330,0.5454545454545454,0,0
BandidarKagaramar,6.675714337430391,17,38058,0.7,0,0
GoltigoreArashishak,5.6676712061447985,19,153234,0.7272727272727273,0,0
FolasMogrel,3.990134025414497,11,658,0.5714285714285714,0,0
GamiBalladolune,5.130448071229947,15,10837,0.875,0,0
AurilakSaijurus,5.281425571662641,15,27242,1.1428571428571428,0,0
DainosAndromaswyn,5.427750581751144,17,54352,0.5454545454545454,0,0
BlackstaffCordazar,5.654302780502146,18,33866,0.38461538461538464,0,0
NikinosTygranius,5.108458593344349,16,21526,0.6,0,0
NiramarSaithithis,6.430665528516089,17,43410,0.7,0,0
GriborSasho,3.990134025414497,11,329,0.5714285714285714,0,0
MiranadarAnardana,7.279250486901663,17,43685,0.8888888888888888,0,0
UmluneYolar,3.724782822025898,11,1194,0.8333333333333334,0,0
VozilkreeStonebreak,5.956490420916458,19,167078,0.7272727272727273,0,0
MagedwellerMaloriel,6.955181482038721,19,168534,0.7272727272727273,0,0
BusidaHuginadar,5.2814255716626395,15,10922,0.875,0,0
DugisSabermaster,5.0,16,21138,0.6,0,0
BuVoodoogul,4.589617315084767,11,730,1.2,0,0
AgathrisRockweaver,4.893233335256418,18,166170,0.6363636363636364,0,0
DuzshuraMorlurn,5.130448071229946,15,8868,0.5,0,0
StarsmithPurefang,4.824214432279872,17,17492,0.4166666666666667,0,0
PezarMadal,3.8886187011707394,10,330,0.6666666666666666,0,0
GholbisiusAdrieginn,5.719866472132923,19,77108,0.7272727272727273,0,0
PerilasMawield,4.840129163233379,14,5420,0.75,0,0
NaraWhitehunter,5.178150992680865,15,10578,0.6666666666666666,0,0
PeridwynSaithilis,5.090377788015286,17,41162,0.5454545454545454,0,0
FauraBugas,4.153004320148211,10,426,1.0,0,0
AnayaronAdorarin,6.325375780033049,16,43690,1.0,0,0
MekreeKeswyn,4.503258334775646,12,1232,0.5,0,0
BlackraySinshaper,4.936582854398123,17,17546,0.4166666666666667,0,0
DabeiSharpdefender,5.8954055584401805,18,91218,0.6363636363636364,0,0
GoldskinKelmaran,4.75,16,16970,0.45454545454545453,0,0
KajihnGavinn,4.717042709114586,12,1300,0.5,0,0
SindwellerKerarne,6.185081664839579,17,35113,0.5454545454545454,0,0
AgafynFefym,3.9901340254144966,11,1288,0.375,0,0
BallariFelorus,4.936561115920865,14,4778,0.75,0,0
MoranShadowdragon,6.031286731222416,17,41610,0.5454545454545454,0,0
DalasMorlubandis,5.108458593344349,16,21074,0.6,0,0
RunebourneMavetus,5.540119003869395,17,44202,0.8888888888888888,0,0
JothisMokus,3.990134025414497,11,586,0.5714285714285714,0,0
MezilrajasRainconju,5.548478442645304,19,169161,0.7272727272727273,0,0
DawnfistKirirdana,5.785702867545905,17,34981,0.5454545454545454,0,0
JutAkinolar,3.459431618637298,11,682,0.8333333333333334,0,0
MakinosMazugis,4.840129163233379,14,5418,0.75,0,0
DoginnSirarim,4.834265462365748,13,2602,0.625,0,0
NalkreeKadwyn,4.223651939107583,13,2256,0.4444444444444444,0,0
LajurusOghmagamand,5.8954055584401805,18,87124,0.6363636363636364,0,0
BearadGakus,4.04960681912215,11,842,0.8333333333333334,0,0
PerilisMezisida,5.4075738975909395,15,10837,0.875,0,0
FordrehuginnNilarga,5.785102391428839,19,141865,0.5833333333333334,0,0
GoltirrNuadaswyn,4.5,16,18640,0.45454545454545453,0,0
SaberwoodMikakazahn,5.719866472132923,19,170324,0.7272727272727273,0,0
TernCoidar,3.5863137138648344,10,282,0.6666666666666666,0,0
IanrisFordrebor,5.153321818176469,15,25738,0.6666666666666666,0,0
KelePerdin,3.8886187011707385,10,338,0.6666666666666666,0,0
BallargasFenribar,5.939497801163069,17,37450,0.5454545454545454,0,0
ArijurusRunesmasher,6.256588710780456,19,348818,0.7272727272727273,0,0
SaitiusGrilen,4.311053241399258,13,3466,0.8571428571428571,0,0
BurilNuadadred,5.194754676214807,14,5330,0.75,0,0
MoogumuroGalrajas,5.785702867545905,17,54602,0.8888888888888888,0,0
NalmeathFordreril,5.427750581751144,17,39050,0.5454545454545454,0,0
SaithihelmDathris,5.785702867545906,17,51746,0.5454545454545454,0,0
DoomseekerDakelv,5.75,16,26260,0.7777777777777778,0,0
MoogukoraDugore,5.661825977005408,15,13653,1.1428571428571428,0,0
BuzathisWhitebrew,5.0697982959563825,17,42066,0.5454545454545454,0,0
NiNizahn,3.5,8,84,0.6,0,0
OpindisCordafyn,4.669646833851926,15,21064,0.5,0,0
MutaxeDorinrad,4.323742042645492,14,5458,0.75,0,0
MalatiusJokus,4.485258049590827,13,2762,0.8571428571428571,0,0
MalmaranBurilbine,5.6733344454276535,17,38053,0.7,0,0
NaziusTujora,4.1132833342948745,12,1429,1.0,0,0
ShalilsaVor,3.990134025414497,11,330,0.5714285714285714,0,0
CererneGardasar,6.122627214383426,15,10570,0.6666666666666666,0,0
AriloreKesida,4.485258049590827,13,5461,1.1666666666666667,0,0
ConjularAdolore,5.0271734922481714,15,9557,0.875,0,0
TaukoraBrakus,5.095871572848992,13,3402,0.8571428571428571,0,0
ThordanaLaigelv,4.518669333419232,15,4788,0.6666666666666666,0,0
MavergasTholak,4.420173995332978,14,5258,0.5555555555555556,0,0
SardredWhiteblade,5.785702867545905,17,34981,0.5454545454545454,0,0
SiramandThordirgas,5.847118057558767,18,86162,0.5,0,0
NalisShaktimi,4.5726593518825025,13,2597,0.625,0,0
KazraktilarBluebear,6.310545554984034,19,150070,0.7272727272727273,0,0
ShaktisidaMoogum,4.75,16,9562,0.7777777777777778,0,0
SteelbrewGavirad,5.108458593344349,16,12586,0.6,0,0
MolarMavellador,5.893204309473354,15,10570,0.6666666666666666,0,0
AriginnKerin,5.056641667147437,12,2698,0.7142857142857143,0,0
GranadarPenrad,5.914293906255954,14,2706,0.5555555555555556,0,0
BuzalisFern,3.459431618637298,11,676,0.5714285714285714,0,0
DofymArcaneredeemer,6.4915646449038995,19,140634,0.7272727272727273,0,0
PezanArigrinn,4.834265462365748,13,2724,0.625,0,0
NuadagarKelenadar,6.218394105975325,17,54442,0.8888888888888888,0,0
KigashicageTegas,5.966917186688699,16,21162,0.7777777777777778,0,0
ThunderwalkerAurida,5.78510239142884,19,74933,0.7272727272727273,0,0
SanadarDagdara,5.8353133023431,14,5413,0.75,0,0
ShalirusDoomcliff,5.069798295956382,17,21700,0.5454545454545454,0,0
AuririBeagrinn,5.2911866289022935,14,13668,1.0,0,0
BuzagasVinris,4.485258049590827,13,2706,0.625,0,0
AdoswynShakam,3.962045828624338,13,5130,0.4444444444444444,0,0
YotilarMaramar,5.397906785668067,14,5418,0.75,0,0
SamukazahnThunderfu,5.90253357671288,19,174153,0.5833333333333334,0,0
AkinorgWhisperforge,5.78510239142884,19,344649,0.5833333333333334,0,0
GraveleyeGardana,6.108458593344349,16,10917,0.7777777777777778,0,0
BakTygralore,4.113283334294875,12,1045,0.5,0,0
ShalimathKekelv,4.923898913266396,15,5396,0.5,0,0
KajoraDelalas,4.916297876139192,13,2730,0.8571428571428571,0,0
KejindMoogucage,4.669646833851926,15,10453,0.875,0,0
ArashiraMirantrius,6.608187502804496,18,169286,0.8,0,0
ThordibandisCentrin,5.902533576712879,19,76066,0.46153846153846156,0,0
IronhammerGholbithr,5.902533576712879,19,336968,0.46153846153846156,0,0
BoathDoushakar,4.936561115920864,14,6346,0.75,0,0
DianarneFelhandis,5.785702867545906,17,53906,0.7,0,0
DianafymMeztira,4.772921412833702,15,13349,0.6666666666666666,0,0
UmgraDoomcaster,4.923898913266397,15,17810,0.6666666666666666,0,0
GralladorTojall,6.019352635401651,15,4756,0.5,0,0
SinbinderMezikasa,5.427750581751144,17,37461,0.7,0,0
ThunderbreakerTuram,6.547169503767568,19,74570,0.5833333333333334,0,0
IshnnayaKendis,4.936561115920865,14,8530,0.5555555555555556,0,0
MorinBandikelv,4.323742042645493,14,5268,0.5555555555555556,0,0
ZurFergas,3.4299083350961594,9,146,0.5,0,0
BragulBuzagda,5.095871572848992,13,1321,0.625,0,0
ManarinDorizar,5.549380189196237,14,5418,0.75,0,0
NarrTauzuru,4.905133222995602,11,565,0.8333333333333334,0,0
TygotDorifyn,4.113283334294875,12,296,0.3333333333333333,0,0
MadiIanlace,4.04960681912215,11,741,1.2,0,0
BuzariusCowield,4.415394754437457,15,11052,0.875,0,0
BeazarStoneflame,5.216917186688699,16,26789,0.7777777777777778,0,0
WhitebrewOghmalore,5.249624307438575,18,42261,0.6363636363636364,0,0
MarinradMorlundis,5.918918309104165,17,42130,0.5454545454545454,0,0
DalsaGholbilis,5.194754676214808,14,4682,0.5555555555555556,0,0
ShalinadarForcegrov,5.665909627929344,19,87186,0.5833333333333334,0,0
MagulZolodal,4.717042709114586,12,1322,0.7142857142857143,0,0
JuzshuraDusho,4.834265462365747,13,2217,0.625,0,0
AnagasAdorann,5.183272875140668,13,5460,0.8571428571428571,0,0
SatiusKathrilar,5.28142557166264,15,11402,0.6666666666666666,0,0
MolabarThetalis,4.772921412833702,15,10794,0.6666666666666666,0,0
KeleginnGa,3.850699332842307,10,337,0.6666666666666666,0,0
MenosMerg,3.689891668750007,9,164,0.5,0,0
MaurisarKiri,5.056641667147437,12,1701,1.0,0,0
IanniusFaurr,4.641604167868593,12,3276,1.0,0,0
KelelarArindis,4.840129163233379,14,5458,0.75,0,0
MebeiManadwyn,4.746864160074073,13,2896,0.625,0,0
BlackbreakerDalalsa,6.964812542470971,19,68905,0.5833333333333334,0,0
BaloreDarne,4.255485228803097,11,681,0.8333333333333334,0,0
NakazahnDogul,4.311053241399258,13,2698,0.625,0,0
BurikusVogar,4.1132833342948745,12,1354,0.7142857142857143,0,0
DogarSaithigamand,5.581545515368307,17,42580,0.7,0,0
TruesingerYggbandis,6.021726340212375,19,107538,0.46153846153846156,0,0
GoltijinPurepick,4.608458593344349,16,19028,0.6,0,0
DoridorMalanrad,5.638952230058885,15,10834,0.6666666666666666,0,0
VishoSardred,4.113283334294875,12,1186,0.5,0,0
BlackfangSinbeard,4.936582854398123,17,17484,0.4166666666666667,0,0
GujarBuzarius,4.834265462365748,13,2646,0.8571428571428571,0,0
BalabarTruesinger,5.540119003869395,17,43218,0.7,0,0
BroadsongKegar,4.840129163233379,14,3210,0.5555555555555556,0,0
SamularMavelas,5.043281272686637,14,5418,0.75,0,0
AnayawynIansida,5.765100555987184,15,21605,0.875,0,0
YozshulkreeKathriwi,5.194423308577728,19,140101,0.5833333333333334,0,0
DiananradKula,4.916297876139192,13,3365,0.8571428571428571,0,0
ButhrisNecage,3.962045828624338,13,2197,0.625,0,0
GrosarGhollador,5.893204309473354,15,5194,0.5,0,0
DirehammerTojajin,5.560966023309403,17,43306,0.7,0,0
GranradAgazar,5.265305288914112,13,1194,0.625,0,0
ZagelvKirilmeena,5.358458593344349,16,20813,0.7777777777777778,0,0
MebarConjulhala,4.772921412833702,15,10533,0.6666666666666666,0,0
DadredGawield,4.834265462365748,13,2348,0.625,0,0
ThohuginnDianardred,6.021726340212374,19,86434,0.5833333333333334,0,0
BluerayAkinorn,4.323742042645492,14,3412,0.75,0,0
NirdinKazrall,4.746864160074073,13,2340,0.4444444444444444,0,0
KulanadarMazubar,5.871987351738497,16,21802,0.7777777777777778,0,0
NightravenJoJotilar,5.667671206144799,19,136362,0.5833333333333334,0,0
GutilarBlackraven,5.182166718074633,17,43146,0.5454545454545454,0,0
GhosiusAraswyn,4.420173995332978,14,2896,0.5555555555555556,0,0
NitFothris,3.850699332842307,10,290,0.42857142857142855,0,0
MirandisStoneblade,5.375438891132487,18,84133,0.6363636363636364,0,0
FrostdragonTukus,5.0,16,8522,0.45454545454545453,0,0
FlamebringerRockdwe,5.075230545078234,19,84257,0.46153846153846156,0,0
GaluneManis,3.990134025414497,11,682,0.8333333333333334,0,0
ModinadarKamuro,5.28142557166264,15,10901,0.875,0,0
KigaleLaidred,4.746864160074073,13,2738,0.8571428571428571,0,0
KigajoraTruemaster,5.606015279620733,18,87250,0.8,0,0
KedarGavirne,4.377443751081734,12,1321,0.7142857142857143,0,0
PeriBeamath,3.990134025414497,11,692,0.8333333333333334,0,0
WindscarThetarim,4.75,16,16938,0.45454545454545453,0,0
MalazelHellwarden,6.297450086957831,17,43282,0.5454545454545454,0,0
FlamesmasherMalordr,6.37578147427995,19,84264,0.46153846153846156,0,0
ThunderconjurorDark,5.956490420916457,19,74916,0.46153846153846156,0,0
DaranBlueworker,5.027173492248171,15,10450,0.6666666666666666,0,0
KerameenaShalimath,6.251796530622339,18,88660,0.8,0,0
AnarardredStonebran,6.901224637835144,19,345170,0.5833333333333334,0,0
FrostshadeMozil,4.4153947544374565,15,4266,0.5,0,0
ArashirAgarin,5.095871572848992,13,5290,0.8571428571428571,0,0
ThorgalarKalar,5.6561003459620105,14,2378,0.5555555555555556,0,0
KargBeazeswyn,4.223651939107583,13,2256,0.4444444444444444,0,0
OghmalarDoomray,5.281425571662641,15,17714,0.6666666666666666,0,0
ThontriusMaulkis,4.75,16,9010,0.6,0,0
GornSham,3.0,8,66,0.3333333333333333,0,0
NikomuroCeris,4.485258049590827,13,2730,0.8571428571428571,0,0
IronwormGrirdana,5.75,16,42021,0.6,0,0
VojinThordithis,5.027173492248171,15,10386,0.5,0,0
GamathTura,3.8886187011707385,10,325,0.6666666666666666,0,0
SpellhunterGaktilar,5.78510239142884,19,70218,0.46153846153846156,0,0
MneborFlamemaster,5.427750581751144,17,20818,0.5454545454545454,0,0
SilverdefenderNuada,6.310545554984033,19,150093,0.7272727272727273,0,0
MalasarCordanius,5.5,16,21654,0.7777777777777778,0,0
AndromaziusShakalar,5.483242523349387,19,284202,0.7272727272727273,0,0
YggwieldKagakree,5.466917186688699,16,3155,0.6,0,0
YozshusidaMujora,5.0,16,17749,0.7777777777777778,0,0
MuthYole,3.0,8,69,0.6,0,0
KagazuruMarin,4.834265462365748,13,2730,0.8571428571428571,0,0
JumuroFlameweaver,5.673334445427654,17,43354,0.8888888888888888,0,0
MajindSirahuginn,5.466917186688699,16,20820,0.6,0,0
HuginnShantrius,5.027173492248171,15,10310,0.5,0,0
NightbreakerCefym,4.936582854398123,17,33608,0.4166666666666667,0,0
IroneyeManagar,5.194754676214807,14,10922,1.0,0,0
NikokazahnSpellston,5.431047257361264,19,174146,0.46153846153846156,0,0
DarkbreakerBeazenar,7.480624645593915,19,137834,0.7272727272727273,0,0
RagescarTejin,4.223651939107583,13,2634,0.625,0,0
StarredeemerFlamebr,7.136200571958588,19,77076,0.5833333333333334,0,0
AuriborSternworker,6.060480427132949,18,217362,0.6363636363636364,0,0
ConjuDrelatius,4.065548482351549,14,4694,0.75,0,0
DagdalisStoneweaver,5.429285679145809,19,151898,0.7272727272727273,0,0
MoonwardenAdrierdin,6.729836608347526,19,206130,0.7272727272727273,0,0
KigagorZujin,4.1132833342948745,12,1354,0.7142857142857143,0,0
DailarKezshura,4.678367555626922,14,6725,0.75,0,0
DianatusSharpcliff,5.249624307438576,18,108676,0.5,0,0
SaberwardenBabandis,6.429738318483528,19,168530,0.5833333333333334,0,0
BalladothisBragami,5.8954055584401805,18,76053,0.6363636363636364,0,0
KillTygoll,4.108241808752196,10,260,0.25,0,0
MaveghmaSamurg,4.936561115920864,14,5204,0.5555555555555556,0,0
MosidaBlacksinger,4.824214432279872,17,43282,0.5454545454545454,0,0
BagraMolar,4.153004320148211,10,298,0.6666666666666666,0,0
TegrelKajilkree,5.407573897590938,15,9379,0.6666666666666666,0,0
KillThowield,4.452882292327727,12,1068,0.5,0,0
AdorariusBrightflam,5.3118544938617696,19,350338,0.5833333333333334,0,0
SwordfistBraktilar,5.4907270853766095,18,34890,0.38461538461538464,0,0
KaziktilarYokus,4.669646833851926,15,10570,0.6666666666666666,0,0
MirnSairne,4.11508495181978,10,281,0.6666666666666666,0,0
MaririelNila,4.981203125901445,12,1381,1.0,0,0
KeramarKemand,5.357477683332238,13,2708,0.625,0,0
ArashigrelVudolmara,5.665909627929344,19,337061,0.7272727272727273,0,0
LamathConjurdin,4.4153947544374565,15,10386,0.5,0,0
GozshuraTagrel,4.323742042645492,14,4434,0.5555555555555556,0,0
MuzilDoritius,4.5726593518825025,13,2646,0.8571428571428571,0,0
CewieldGranius,4.323742042645493,14,5654,0.75,0,0
CordaKat,3.25,8,74,0.6,0,0
MoshicageCentrirdre,5.665909627929344,19,152849,0.5833333333333334,0,0
TauzragoreAndrolune,6.021726340212375,19,207637,0.9,0,0
AndromajurusDianage,5.548478442645304,19,283957,0.9,0,0
FlamebinderFelhadre,6.429738318483528,19,86601,0.5833333333333334,0,0
GoldenwoodAnayawiel,6.25835028899591,19,150870,0.9,0,0
PainforgeKigagis,5.466917186688699,16,25770,0.7777777777777778,0,0
DoutaxeDijora,4.485258049590827,13,3413,1.1666666666666667,0,0
FelhardredLandabor,6.203509029740924,18,74314,0.5,0,0
KagataxeDala,4.722549804241078,12,1365,1.0,0,0
OpintriusMalador,4.75,16,41770,0.7777777777777778,0,0
GoltirnAdrie,4.113283334294875,12,1171,0.7142857142857143,0,0
GraniziusAndromaghm,5.431047257361264,19,88616,0.5833333333333334,0,0
VuzilHuwyn,3.5863137138648344,10,328,0.42857142857142855,0,0
MunirielDawnsmith,4.936582854398123,17,44164,0.5454545454545454,0,0
MadiTor,2.8073549220576046,7,42,0.75,0,0
MashuraManalmeena,6.218394105975325,17,38221,0.8888888888888888,0,0
KakelvGror,3.586313713864835,10,322,0.42857142857142855,0,0
DarisFelar,3.850699332842307,10,330,0.6666666666666666,0,0
TetaurTashura,5.095871572848992,13,2853,0.8571428571428571,0,0
BroadbrandStoneweav,6.021726340212375,19,100438,0.5833333333333334,0,0
KirnGavinrasida,5.638952230058884,15,8853,0.6666666666666666,0,0
ArisidaFaekasa,5.30147483298058,14,10933,1.3333333333333333,0,0
BlackwardenVudozil,4.893233335256417,18,35114,0.5,0,0
AurinisNuadardred,6.0312867312224165,17,108962,0.8888888888888888,0,0
GardalmaranMelkis,5.5815455153683065,17,37522,0.5454545454545454,0,0
AdoralanimBlackpick,5.78510239142884,19,349252,0.5833333333333334,0,0
KazratBeazenn,5.095871572848993,13,2356,0.625,0,0
TygralasModidred,5.108458593344349,16,2642,0.45454545454545453,0,0
BuriAnage,3.169925001442312,9,181,1.25,0,0
MoogugorAkinotaxe,5.335961651691797,17,54613,1.125,0,0
GriraAgabor,4.31495802251075,11,362,0.8333333333333334,0,0
NiladredMajar,4.834265462365748,13,2634,0.625,0,0
GrinayaMunilanim,5.825375780033048,16,10922,0.7777777777777778,0,0
BumeenaJulrajas,5.027173492248171,15,11594,0.875,0,0
MumiMikagis,4.31495802251075,11,682,0.8333333333333334,0,0
BeazegdaAgaril,4.936561115920865,14,6762,1.0,0,0
BloodshadeMoonweave,6.310545554984033,19,101069,0.9,0,0
JusarCoginn,3.7247828220258974,11,660,0.5714285714285714,0,0
MetilarMavenadar,5.75,16,21674,0.7777777777777778,0,0
DogisVogrel,3.990134025414497,11,658,0.5714285714285714,0,0
NightwindLagar,4.581935602939436,14,4234,0.4,0,0
KazragoreMale,4.834265462365748,13,2389,0.8571428571428571,0,0
AnaraninMagar,5.526911399397355,13,5450,0.8571428571428571,0,0
DagdaranaAkilmaran,6.432080558279924,18,76618,0.8,0,0
ShakalrajasTholsa,6.218394105975325,17,21129,0.5454545454545454,0,0
WhitebringerTewyn,5.427750581751144,17,21064,0.4166666666666667,0,0
KagazshuraDoulrajas,6.37413345961986,19,166602,0.7272727272727273,0,0
KagorJuhn,3.169925001442312,9,164,0.5,0,0
AuridredDarad,5.183272875140668,13,6730,0.8571428571428571,0,0
VisarColace,3.7247828220258974,11,661,0.8333333333333334,0,0
RainsongTojarn,4.936561115920865,14,6420,0.5555555555555556,0,0
SteelfontKeleris,5.5,16,12842,0.6,0,0
ZukazahnAurifym,4.4153947544374565,15,10856,0.6666666666666666,0,0
LandadorJoJora,5.80757374949018,14,4757,0.75,0,0
StonewoodCoirus,4.899069738762002,15,5530,0.875,0,0
SiralhalaYojin,4.936561115920865,14,5290,0.75,0,0
SinweaverMordred,5.466917186688699,16,19746,0.6,0,0
AurigeAnarin,4.641604167868593,12,3434,1.4,0,0
KiriTygramath,4.485258049590827,13,2580,0.4444444444444444,0,0
ArajinTaukazahn,5.15332181817647,15,21716,0.875,0,0
MalarAdosius,4.1132833342948745,12,1366,1.0,0,0
ShaktilkisTumuro,4.75,16,9365,0.6,0,0
YorgConjunara,4.746864160074073,13,2197,0.625,0,0
JoJolarKathrimand,5.427750581751144,17,43284,0.5454545454545454,0,0
paulgrapes,3.850699332842307,10,394,0.6666666666666666,0,0
rapitangnyy,4.255485228803097,11,672,0.375,0,0
artautumn,3.9498750024038545,9,308,0.8,0,0
dipperhummer,4.641604167868593,12,1170,0.5,0,0
Ten_GOP,2.8073549220576046,7,18,0.5,0,0
ny_black_protest,4.5,16,532,0.2727272727272727,0,0
andy1235,3.0,8,8,0.3333333333333333,4,11
magaing4trump,4.485258049590827,13,1412,0.5,1,4
gogomrbrown,4.580309225899349,11,644,0.375,0,0
MatEvidence,3.7247828220258974,11,681,0.8333333333333334,0,0
lilstoner,3.4299083350961594,9,138,0.5,0,0
jenn_abrams,3.990134025414497,11,292,0.42857142857142855,0,0
leecory,3.0380277569312053,7,52,0.75,0,0
georgeschultz,4.223651939107582,13,3208,0.4444444444444444,0,0
KularimGaviril,5.194754676214808,14,5418,0.75,0,0
miajones005,3.7247828220258974,11,106,1.0,3,5
rblackie,3.0,8,19,0.6,0,0
hollymolly2015,5.301474832980581,14,264,0.25,4,8
lydia_rodarte-quayle,6.066237445472733,20,27225,0.8,0,0
Motlalepule,4.3149580225107504,11,597,0.8333333333333334,0,0
Motlalent,3.689891668750007,9,148,0.5,0,0
Bugemlon,3.0,8,82,0.6,0,0
Amohelang,3.169925001442312,9,340,0.8,0,0
Eliot_Aiden,3.724782822025898,11,730,1.5,0,0
Tyrone_Marion,4.485258049590827,13,342,0.7142857142857143,0,0
Jaden_Corey,3.7247828220258974,11,330,0.6666666666666666,0,0
Aiden_Chuck,3.459431618637298,11,836,0.6666666666666666,0,0
Tristen_Sadler,4.323742042645493,14,1170,0.4444444444444444,0,0
LorrySn,3.0380277569312053,7,32,0.16666666666666666,0,0
deren777,3.7169171866886987,8,10,0.6666666666666666,3,21
sarah_sanchez,4.834265462365748,13,1314,0.5,0,0
julesbrandy,3.459431618637298,11,648,0.375,0,0
HelenaFreiy,4.04960681912215,11,678,0.8333333333333334,0,0
smarteagles,4.255485228803097,11,306,0.5714285714285714,0,0
geoffreych,3.8506993328423067,10,392,0.42857142857142855,0,0
MarkHudson89,3.584962500721156,12,274,0.42857142857142855,2,17
FuUNCake,3.0,8,101,1.0,0,0
tebepizdec,3.8886187011707385,10,338,0.6666666666666666,0,0
rebekahbennet,5.177903986622437,13,2706,0.625,0,0
hcaner,2.584962500721156,6,10,0.5,0,0
bilberrypie,4.520836432191696,11,579,0.5714285714285714,0,0
vsbeats,3.0380277569312053,7,12,0.4,0,0
fergensonk,3.850699332842307,10,292,0.42857142857142855,0,0
illlolyourtexass,5.5,16,35220,0.6,0,0
astridrooo,4.153004320148212,10,551,1.0,0,0
lunacyfreak,3.7247828220258974,11,646,0.5714285714285714,0,0
cre-ker,3.268700591804806,7,10,0.5,0,0
valyaspb,3.25,8,72,0.3333333333333333,0,0
joewellbenson,5.095871572848992,13,3346,0.625,0,0
ivanlox255,3.586313713864835,10,82,0.75,3,12
huyolzovatel,4.1132833342948745,12,1322,0.7142857142857143,0,0
pizdectest,3.850699332842307,10,292,0.42857142857142855,0,0
kozloshlyap,3.990134025414497,11,578,0.375,0,0
picnicshirt,4.31495802251075,11,580,0.375,0,0
issastunna,4.417389939125684,10,585,0.6666666666666666,0,0
stendupp,3.25,8,36,0.3333333333333333,0,0
stenlies,3.5,8,38,0.6,0,0
failkate,3.25,8,101,1.0,0,0
smoliangirl,3.9901340254144966,11,356,0.5714285714285714,0,0
mironon,3.268700591804806,7,42,0.75,0,0
traceyjohnson,4.223651939107583,13,1314,0.4444444444444444,0,0
stephenbag,3.5863137138648344,10,146,0.42857142857142855,0,0
bennylewis,3.8506993328423067,10,266,0.42857142857142855,0,0
susanpeterson,4.834265462365748,13,2642,0.625,0,0
madpood,3.268700591804806,7,38,0.75,0,0
amazingbodilyfluids,5.548478442645304,19,345356,0.5833333333333334,0,0
ajcrwl,2.584962500721156,6,32,0.2,0,0
qkempek,3.268700591804806,7,18,0.4,0,0
sandlerwow,3.586313713864835,10,274,0.42857142857142855,0,0
BleepThePolice,5.043281272686637,14,3157,0.75,0,0
merlinperegrin,5.549380189196237,14,4690,0.5555555555555556,0,0
Albert_Baldwin,4.065548482351549,14,4642,0.4444444444444444,0,0
Tayler_Cletis,4.223651939107583,13,1162,0.5,0,0
vsrruslan,3.6898916687500067,9,18,0.2857142857142857,0,0
ser005,2.779950000961542,6,2,0.5,3,5
YggkelvZurn,3.724782822025898,11,68,0.2222222222222222,0,0
KazishuraTerne,4.581935602939435,14,5289,0.75,0,0
baconlover8,3.7247828220258974,11,330,0.6666666666666666,1,8
SouthLoneStar,4.485258049590827,13,3154,0.625,0,0
Lepolesa,3.25,8,85,1.0,0,0
moluleloa,3.9582291686698783,9,171,1.25,0,0
YggwynZulkigul,4.936561115920864,14,74,0.2727272727272727,0,0
vsruslan,3.25,8,18,0.3333333333333333,0,0
Kutloisiso,4.11508495181978,10,309,1.0,0,0
Hararnir,3.7169171866886987,8,82,0.6,0,0
georgepharell,5.095871572848992,13,3220,0.625,0,0
kuabrush,3.25,8,100,0.6,0,0
mikeehrmantraut55,5.560966023309403,17,11334,0.6666666666666666,2,10
salamanca_tuco,5.043281272686637,14,2709,0.8571428571428571,0,0
WileandraMalhala,5.980445945082846,16,22693,0.7777777777777778,0,0
RobbKR,2.9749375012019272,6,16,0.2,0,0
ThorgalenGozil,4.323742042645493,14,2378,0.5555555555555556,0,0
wolfen01,3.0,8,18,0.5,2,1
jessepinkman1984,4.75,16,1186,0.5,4,22
letlotlow,4.218212502323726,9,146,0.5,0,0
solodoto666,4.914441312181021,11,85,1.0,3,18
saulgoodman1978,4.415394754437457,15,818,0.8333333333333334,4,25
Mamigon,2.8073549220576046,7,42,0.75,0,0
TakeMyEnerGG,4.1132833342948745,12,1320,0.5,0,0
ZuluraGolar,4.520836432191696,11,682,0.8333333333333334,0,0
anime_stan,3.850699332842307,10,338,0.8,0,0
khotsofalan,3.990134025414497,11,298,0.5714285714285714,0,0
Ezra_Jimmie,3.990134025414497,11,595,1.0,0,0
QuenceynnTejora,5.130448071229948,15,12821,0.6666666666666666,0,0
IronhammerConjukelv,5.431047257361264,19,337044,0.5833333333333334,0,0
trollsofficial,5.194754676214808,14,2198,0.5555555555555556,0,0
fring-gus,3.4299083350961594,9,34,0.3333333333333333,0,0
truckshark,3.850699332842307,10,132,0.25,0,0
FezilGavinn,3.9901340254144966,11,660,0.5714285714285714,0,0
AdoraronDoomworker,6.5804470944406415,18,174482,0.8,0,0
ZolosidaSpellsinger,5.78510239142884,19,174354,0.5833333333333334,0,0
KahuginnCerenadar,5.785702867545906,17,43178,0.7,0,0
YokouJJ,3.268700591804806,7,44,0.75,0,0
VuranThordilore,4.772921412833702,15,10389,0.6666666666666666,0,0
Brenden_Kevyn,4.921666764657423,13,584,0.3333333333333333,0,0
LandageKador,4.452882292327727,12,1194,0.7142857142857143,0,0
BrahnVilar,3.850699332842307,10,138,0.42857142857142855,0,0
GaranaTobar,4.589617315084768,11,682,0.8333333333333334,0,0
YggdorKakree,4.377443751081734,12,147,0.5,0,0
graulli,3.0380277569312053,7,25,0.75,0,0
Heirlow,2.8073549220576046,7,50,0.75,0,0
FordreranaCordagda,7.012865975868067,18,70985,0.6363636363636364,0,0
randomipad,3.850699332842307,10,298,0.6666666666666666,0,0
SailakSamura,4.767418751562505,12,1685,1.0,0,0
smollow,3.268700591804806,7,18,0.4,0,0
socketwom,3.4299083350961594,9,146,0.5,0,0
foxmeowlder,3.990134025414497,11,610,0.5714285714285714,0,0
CeriusTojajar,4.485258049590827,13,2858,0.8571428571428571,0,0
ModitiusOpirius,5.4075738975909395,15,11094,1.1428571428571428,0,0
mohato,2.7799500009615414,6,21,1.0,0,0
Abena_Tau,3.4299083350961594,9,171,1.6666666666666667,0,0
GranilisDogul,4.223651939107582,13,1354,0.625,0,0
BloodwoodArashizrag,5.956490420916458,19,105106,0.7272727272727273,0,0
crownalbum,3.321928094887362,10,146,0.42857142857142855,0,0
DaytonayenMoranaya,7.014365149435298,18,76373,0.8,0,0
CewieldZuluhn,4.485258049590827,13,2836,0.625,0,0
Taulou,2.7799500009615414,6,27,2.0,0,0
VoodoogamiAurilak,5.5815455153683065,17,56042,1.4285714285714286,0,0
HaroldGarold,4.9057645846554525,12,1300,0.5,0,0
OghmagelvFedora,4.669646833851926,15,17685,0.6666666666666666,0,0
davscolf,3.0,8,68,0.3333333333333333,0,0
LightshadeGardakino,5.548478442645304,19,133781,0.5833333333333334,0,0
TetaurDafyn,3.7247828220258974,11,712,0.5714285714285714,0,0
HoodieLoodie,5.295739585136223,12,1755,2.0,0,0
walterwhite1962,4.669646833851927,15,581,0.5714285714285714,4,18
Derek_Daniel,4.452882292327727,12,662,0.8333333333333334,0,0
KagrelMauran,4.452882292327727,12,1178,0.7142857142857143,0,0
NilarilOpirim,5.177903986622437,13,2730,0.8571428571428571,0,0
DrelathrisBo,3.8491229175080153,12,649,0.5,0,0
SalmaranLaihuginn,5.939497801163068,17,38100,0.7,0,0
mr_clampin,3.5863137138648344,10,18,0.2857142857142857,0,0
VanecedwaShadowsmith,5.834044635983996,20,346436,0.5384615384615384,0,0
SadCitizen2016,4.0655484823515495,14,298,0.6666666666666666,4,9
seatfaith,3.689891668750007,9,204,0.8,0,0
AgaluneMalordred,5.25,16,43682,0.7777777777777778,0,0
MeepoPeep,4.1009194481303535,9,214,1.25,0,0
KakreeTabar,4.58030922589935,11,618,0.8333333333333334,0,0
thistleescape,4.834265462365748,13,1125,0.625,0,0
Garry_Gregg,4.58030922589935,11,260,0.25,0,0
WilliananLandalsa,6.934298677564849,17,39497,0.7,0,0
germagamo,3.9498750024038545,9,149,0.8,0,0
inkreindeer,4.845660429287949,11,1126,0.8333333333333334,0,0
TojasidaSamukree,4.858458593344349,16,21843,1.0,0,0
hank-schrade,4.113283334294875,12,517,0.375,0,0
IshnranaAnayagrinn,6.821549872378677,18,136868,0.6363636363636364,0,0
aubrey_harper,4.834265462365748,13,3218,0.7142857142857143,0,0
ModitiusFaetaur,4.923898913266395,15,11062,1.1428571428571428,0,0
GushicageAgamadi,5.108458593344349,16,19157,1.0,0,0
NuaborShaktikasa,5.25,16,26773,0.7777777777777778,0,0
garliccomet,3.724782822025898,11,586,0.5714285714285714,0,0
jerrhill,3.5,8,68,0.3333333333333333,0,0
moonreading,3.990134025414497,11,820,0.8333333333333334,0,0
MalojurusMutus,5.30147483298058,14,5450,0.75,0,0
Riley_Gerrard,4.5726593518825025,13,1316,0.5,0,0
AralisTugis,3.990134025414497,11,1354,0.8333333333333334,0,0
FreddieGi,3.9498750024038545,9,77,0.8,0,0
CogelvWhitebinder,4.936582854398123,17,41298,0.5454545454545454,0,0
VojarAndrorus,4.572659351882503,13,2698,0.625,0,0
SharprunnerAndrolas,6.073921606200498,19,70282,0.46153846153846156,0,0
winthrop_clancy,4.415394754437457,15,4232,0.2727272727272727,0,0
emilyli,3.268700591804806,7,81,0.75,0,0
BagoreZulkihn,3.7004397181410926,13,2724,0.625,0,0
muslimzebra,3.724782822025898,11,585,0.5714285714285714,0,0
DorothieBell,4.377443751081734,12,1332,0.7142857142857143,0,0
Orville_Willy,4.916297876139192,13,2344,0.5,0,0
wadeharriot,3.990134025414497,11,678,0.8333333333333334,0,0
KatusPenadar,4.1887218755408675,12,1322,0.7142857142857143,0,0
KulazelKelkree,5.6561003459620105,14,5411,0.75,0,0
1488Reasons,3.990134025414497,11,52,0.75,4,21
TojatMalaron,4.452882292327725,12,1322,0.7142857142857143,0,0
dreamsquadd,4.31495802251075,11,396,0.5714285714285714,0,0
DalabandisAndroma,5.5815455153683065,17,43333,0.7,0,0
cakes689,3.0,8,10,0.6666666666666666,3,23
Zach_Bristol,3.584962500721156,12,530,0.375,0,0
riversailor,4.31495802251075,11,666,0.8333333333333334,0,0
SteelfangMogamand,5.427750581751144,17,25684,0.5454545454545454,0,0
bottlehope,4.11508495181978,10,277,0.6666666666666666,0,0
Gilbert_Preston,4.669646833851926,15,4626,0.4,0,0
harperdaveharper,6.716917186688699,16,18770,0.6,0,0
chriscrossfire,5.549380189196237,14,1093,0.4,0,0
RobbyDelaware,4.485258049590827,13,2133,0.625,0,0
GavinayaBeazefym,5.5,16,21864,0.7777777777777778,0,0
Paolosi,3.0380277569312053,7,53,1.3333333333333333,0,0
SnorrySturluson,5.53567765107711,15,4170,0.36363636363636365,0,0
GoldenbringerTogore,6.493212659563991,19,148629,0.5833333333333334,0,0
NalenTaugami,4.1887218755408675,12,1333,1.0,0,0
MoonMoon8,4.360902781784201,9,102,1.0,1,8
Darcy_Loyd,3.5863137138648344,10,132,0.2857142857142857,0,0
DianarinAdorardred,6.8492902807425295,18,109218,0.8,0,0
ThorgaghmaLai,4.834265462365748,13,1163,0.625,0,0
FerdavynaCentrirus,5.490727085376609,18,74378,0.5,0,0
petouchoque,4.255485228803097,11,715,1.2,0,0
AriundisVugar,4.485258049590827,13,5706,0.8571428571428571,0,0
CordaronGavinralbin,6.493212659563991,19,152210,0.5833333333333334,0,0
stand-alone-shell,5.918918309104164,17,4772,0.5,0,0
DelaranaBatius,4.785087712392693,14,5462,1.0,0,0
BallardredTholak,5.716917186688699,16,18570,0.45454545454545453,0,0
MalalladorSincliff,6.2517965306223395,18,84548,0.5,0,0
jojouel,3.2687005918048064,7,46,1.3333333333333333,0,0
violinslipper,4.834265462365749,13,3346,0.625,0,0
caterpillarclass,5.966917186688699,16,21060,0.45454545454545453,0,0
AxeseekerMightwind,5.413200002564111,18,177284,0.6363636363636364,0,0
SamugoreKekelv,4.420173995332977,14,5460,0.75,0,0
patsy_rudolph,3.9620458286243374,13,1064,0.3333333333333333,0,0
DelalbineSilvershad,5.90253357671288,19,169250,0.5833333333333334,0,0
DearDearBear,5.660401041967148,12,1638,1.0,0,0
DarusCege,3.42990833509616,9,165,0.8,0,0
RedGov,2.584962500721156,6,18,0.5,0,0
malefane,3.5,8,85,1.0,0,0
PeriniusDular,4.485258049590827,13,2762,0.8571428571428571,0,0
vudonrismakasa,4.67836755562692,14,5269,0.75,0,0
VudonrisMakasa,4.67836755562692,14,5269,0.75,0,0
VukazahnGardagis,5.0,16,21578,0.6,0,0
AndromajurusAragrel,5.956490420916458,19,283986,0.7272727272727273,0,0
HityndiDutilar,4.678367555626921,14,4266,0.5555555555555556,0,0
NekoraJoJolar,5.095871572848993,13,2730,0.8571428571428571,0,0
Dazzle6,3.0380277569312053,7,17,0.5,1,6
rockanda,3.25,8,73,0.6,0,0
IronwalkerGardred,5.827129379044816,17,84258,0.5454545454545454,0,0
DelanradAgamadwyn,5.5815455153683065,17,42320,0.5454545454545454,0,0
FenrilkreeMolabar,5.785702867545904,17,37290,0.7,0,0
haaaaawke,3.7644025188492223,9,249,2.0,0,0
BludflameMeztirg,4.5,16,8868,0.45454545454545453,0,0
researchbeggar,5.5493801891962375,14,5650,0.5555555555555556,0,0
toffeetear,4.417389939125685,10,310,1.0,0,0
AndrorneGavinrage,5.785702867545906,17,70309,0.7,0,0
TebenelBrazragore,5.939497801163069,17,43157,0.7,0,0
DaFordremand,4.377443751081734,12,1300,0.5,0,0
SharpwingChillshape,5.785102391428839,19,69765,0.35714285714285715,0,0
Gillian0zero0,4.4852580495908265,13,613,0.8333333333333334,2,0
CererinKarn,4.58030922589935,11,676,0.5714285714285714,0,0
ZukoraTezil,3.459431618637298,11,682,0.8333333333333334,0,0
Mponeng,3.0380277569312053,7,20,0.4,0,0
MnefymPainmane,5.194754676214807,14,2149,0.5555555555555556,0,0
HellwindShadowbreak,5.431047257361264,19,139590,0.46153846153846156,0,0
richwilcom,3.850699332842307,10,274,0.42857142857142855,0,0
moratutu,3.5,8,85,1.0,0,0
DalahelmFelharil,6.108458593344349,16,21578,0.6,0,0
paulmall112,4.580309225899349,11,100,0.6,3,4
AgamagelvTozshura,4.936582854398123,17,87109,0.7,0,0
tishcol,2.8073549220576046,7,34,0.4,0,0
lekgotla,3.25,8,73,0.6,0,0
xameg,2.321928094887362,5,10,0.6666666666666666,0,0
PeGobei,3.0380277569312053,7,43,1.3333333333333333,0,0
blackie_jack,4.377443751081734,12,308,0.5714285714285714,0,0
BurigelvGravelbrew,5.847118057558767,18,86178,0.5,0,0
MalasarGholbiris,5.608458593344349,16,21578,0.6,0,0
UmthDarkfire,3.8491229175080157,12,2117,0.5,0,0
Graham_Quinn,4.1132833342948745,12,332,0.5714285714285714,0,0
brondran,3.5,8,34,0.3333333333333333,0,0
alex_jonathan,4.5726593518825025,13,2642,0.7142857142857143,0,0
sugarshoehorn,4.746864160074073,13,2612,0.625,0,0
LeyleynFearlessworm,6.193114369699993,19,149060,0.46153846153846156,0,0
CeginnFonin,4.589617315084768,11,650,0.5714285714285714,0,0
Heetmean,3.4669171866886987,8,102,1.0,0,0
GoltijindGoltishura,5.78510239142884,19,151845,0.5833333333333334,0,0
horseeating,3.724782822025898,11,628,0.8333333333333334,0,0
Meek_Mitchel,4.452882292327727,12,802,0.5714285714285714,0,0
hadheart,3.5,8,76,0.6,0,0
men_like,3.25,8,37,0.75,0,0
ThordibandisHugimat,5.311854493861769,19,76074,0.5833333333333334,0,0
waeqxd,2.584962500721156,6,24,0.5,0,0
hyddrox,3.0380277569312053,7,2,0.16666666666666666,0,0
CogdaAnayanara,5.35832677299212,14,4949,1.0,0,0
brant_s,2.8073549220576046,7,8,0.2,0,0
ZamalynodeThothis,4.824214432279872,17,41618,0.5454545454545454,0,0
fginery,2.8073549220576046,7,20,0.4,0,0
come-true,3.4299083350961594,9,83,1.0,0,0
CereranaKeath,5.183272875140667,13,2732,0.8571428571428571,0,0
chereese,3.5,8,45,1.0,0,0
TojasHellwarden,4.669646833851927,15,10514,0.5,0,0
toffeeathletics,5.384700150644415,15,10004,0.6666666666666666,0,0
laserathletics,5.098322723527323,14,5396,0.5555555555555556,0,0
peter_stevenson1986,5.956490420916458,19,5202,0.5555555555555556,4,24
GavinraraFonara,6.112228715499456,15,10581,0.875,0,0
"keklelkek|2,591|",6.108458593344349,16,146,0.5,4,17
ThonisIshnlen,4.834265462365748,13,1346,0.4444444444444444,0,0
ironzion17,4.11508495181978,10,166,1.0,2,8
ThontriusBanos,4.581935602939436,14,2250,0.5555555555555556,0,0
NitaurMaull,4.255485228803096,11,716,0.8333333333333334,0,0
MananaraGralsa,5.8353133023431,14,5449,0.75,0,0
kanyebreeze,4.324266111696168,11,589,0.8333333333333334,0,0
LalhalaGavinradwyn,6.060480427132949,18,76432,0.5,0,0
NualvCordalace,4.678367555626921,14,6293,0.75,0,0
gordon_br,3.6898916687500067,9,72,0.3333333333333333,0,0
KiririelCebandis,5.5,16,22098,0.7777777777777778,0,0
UelitheLandagelv,5.108458593344349,16,53908,0.7777777777777778,0,0
dandy1crown,3.990134025414497,11,260,0.25,1,1
GrisidaColak,4.113283334294875,12,682,0.7142857142857143,0,0
alice_boginski,4.420173995332978,14,5457,0.8571428571428571,0,0
fungon,2.7799500009615414,6,18,0.5,0,0
MiraranaMogra,5.526911399397357,13,2729,0.8571428571428571,0,0
uelithelandagelv,5.466917186688699,16,53908,0.7777777777777778,0,0
FoshantBloodstone,5.827129379044817,17,37061,0.5454545454545454,0,0
BeazerneMem,4.324266111696168,11,842,0.8333333333333334,0,0
mandeyboy,3.4299083350961594,9,146,0.5,0,0
AriutusMokazahn,4.415394754437457,15,23124,0.875,0,0
clackie,3.0380277569312053,7,19,0.75,0,0
reggaebull,4.11508495181978,10,308,0.6666666666666666,0,0
AlsagelvBuriron,4.415394754437457,15,18986,0.6666666666666666,0,0
deusexmachina112,4.75,16,3365,0.8571428571428571,3,4
elsie_c,3.0380277569312053,7,38,1.0,0,0
TedarYozshujin,3.8073549220576055,14,5258,0.5555555555555556,0,0
toneporter,4.3794705707972525,10,338,0.6666666666666666,0,0
SinmoonYggbandis,5.358458593344349,16,19474,0.45454545454545453,0,0
dopplegun,3.4299083350961594,9,138,0.5,0,0
Maineylops,3.321928094887362,10,420,0.6666666666666666,0,0
Maxwel_Terry,4.113283334294875,12,584,0.375,0,0
DeusXYX,3.0380277569312053,7,48,0.4,0,0
MasiusShadowshaper,5.606015279620732,18,90762,0.6363636363636364,0,0
MargasGranidor,5.03299306860835,14,4650,0.5555555555555556,0,0
Peter_Hurst,4.255485228803097,11,328,0.42857142857142855,0,0
erivmalazilkree,5.53567765107711,15,21155,0.875,0,0
King_Andersons,4.678367555626921,14,2340,0.4444444444444444,0,0
BerskyN,2.8073549220576046,7,32,0.16666666666666666,0,0
WhatImDoindHere,4.161142675022988,15,5317,0.6666666666666666,0,0
Kevin_Milner,4.377443751081733,12,658,0.5714285714285714,0,0
shomyo,2.7799500009615414,6,9,0.5,0,0
rubinjer,3.25,8,82,0.6,0,0
