Reddit User,Creation Date 1,Creation Date 2,Karma
BlackToLive,07/05/2016 10:13:18,05/07/2016 02:13,1
FaurnFlamebreaker,05/15/2015 18:44:41,15/05/2015 10:44,1
bill_jonson,10/17/2015 12:55:40,17/10/2015 04:55,1
PurebringerOghmagra,05/15/2015 21:38:42,15/05/2015 13:38,1
clawisma,09/17/2015 02:22:29,16/09/2015 18:22,1
jake_browny,04/26/2016 23:04:53,26/04/2016 15:04,1
Georgie_Felix,12/06/2016 20:46:22,06/12/2016 12:46,1
george_BENTLEY,09/01/2011 06:52:51,31/08/2011 22:52,1
rico_penya,08/18/2017 17:10:07,18/08/2017 09:10,1
Leprechaun_yura,04/02/2017 22:31:24,02/04/2017 14:31,1
Admiraf,11/10/2016 17:06:09,10/11/2016 09:06,1
lgbtunited,06/15/2016 05:09:44,14/06/2016 21:09,1
20twony,06/15/2016 17:22:45,15/06/2016 09:22,1
momaskin,09/02/2017 17:14:19,02/09/2017 09:14,1
FelhafymDugrel,05/15/2015 00:36:20,14/05/2015 16:36,1
DoriraKam,05/14/2015 23:58:18,14/05/2015 15:58,1
DalaghmaMajurus,05/15/2015 00:36:01,14/05/2015 16:36,1
IfiacelMoogutaxe,05/14/2015 23:28:16,14/05/2015 15:28,1
AragelvBlackkiller,05/14/2015 23:57:59,14/05/2015 15:57,1
SsoncenModifyn,05/14/2015 23:28:06,14/05/2015 15:28,1
KulagdaMneriel,05/16/2015 03:18:54,15/05/2015 19:18,1
BloodbearerBusius,05/15/2015 19:29:31,15/05/2015 11:29,1
SteeldefenderZululm,05/16/2015 07:18:15,15/05/2015 23:18,1
TaushakarGrantrius,05/15/2015 21:40:12,15/05/2015 13:40,1
FlameweaverTokazahn,05/16/2015 09:18:20,16/05/2015 01:18,1
MunirusDrelalas,05/16/2015 04:18:36,15/05/2015 20:18,1
JoJosarBlacksong,05/16/2015 06:18:24,15/05/2015 22:18,1
ZulkilkreeMazucage,05/16/2015 01:18:01,15/05/2015 17:18,1
RexcliffVushura,05/16/2015 02:18:03,15/05/2015 18:18,1
KizragoreMajin,05/15/2015 23:50:30,15/05/2015 15:50,1
MograMarn,05/15/2015 18:44:29,15/05/2015 10:44,1
RedseekerMami,05/15/2015 22:07:02,15/05/2015 14:07,1
StardwellerFordrezi,05/16/2015 08:18:03,16/05/2015 00:18,1
PaineyeDaron,05/16/2015 12:17:44,16/05/2015 04:17,1
RexscarNalmekelv,05/15/2015 21:39:00,15/05/2015 13:39,1
SaberstalkerTygorr,05/15/2015 18:43:33,15/05/2015 10:43,1
GhoginnModilbine,05/16/2015 00:17:19,15/05/2015 16:17,1
BeariArashura,05/16/2015 02:17:34,15/05/2015 18:17,1
ZalarGroshakar,05/15/2015 19:11:05,15/05/2015 11:11,1
DaktilarMarirus,05/16/2015 15:19:19,16/05/2015 07:19,1
GhozarIannn,05/15/2015 18:44:37,15/05/2015 10:44,1
AdofynMorakus,05/16/2015 05:18:26,15/05/2015 21:18,1
FelorielBalladolore,05/15/2015 21:16:58,15/05/2015 13:16,1
SaimathJurisar,05/16/2015 12:17:19,16/05/2015 04:17,1
ZulkizragoreLairdan,05/16/2015 15:18:42,16/05/2015 07:18,1
BrargasYggndis,05/16/2015 10:18:12,16/05/2015 02:18,1
FordreninDalas,05/15/2015 19:11:22,15/05/2015 11:11,1
GavidiKenrad,05/16/2015 10:17:32,16/05/2015 02:17,1
NikojindDalarad,05/16/2015 01:17:44,15/05/2015 17:17,1
SharpgroveMagal,05/16/2015 13:19:17,16/05/2015 05:19,1
AkinotilarGardana,05/15/2015 23:50:39,15/05/2015 15:50,1
ShadowhammerFelozan,05/16/2015 14:19:11,16/05/2015 06:19,1
FelorgasAlsagelv,05/15/2015 23:25:49,15/05/2015 15:25,1
ArashillCererana,05/15/2015 23:26:04,15/05/2015 15:26,1
YozshulkisNighthamm,05/15/2015 22:06:33,15/05/2015 14:06,1
FelothisRagegrove,05/15/2015 19:10:15,15/05/2015 11:10,1
KigagrelMightrunner,05/15/2015 21:39:51,15/05/2015 13:39,1
BalbineSnowbourne,05/16/2015 09:18:15,16/05/2015 01:18,1
HugilmeenaBurinrad,05/16/2015 14:18:38,16/05/2015 06:18,1
BagraBludwood,05/16/2015 04:17:36,15/05/2015 20:17,1
TetaurDizragore,05/16/2015 11:18:05,16/05/2015 03:18,1
KazshuraDoommaster,05/16/2015 08:17:38,16/05/2015 00:17,1
KularimGaviril,05/16/2015 03:18:04,15/05/2015 19:18,1
TaulabarMumi,05/16/2015 00:18:00,15/05/2015 16:18,1
NilkisZargas,05/15/2015 19:10:29,15/05/2015 11:10,1
DoukasaZahelm,05/15/2015 22:06:30,15/05/2015 14:06,1
BalladoranaBalhala,05/16/2015 11:18:14,16/05/2015 03:18,1
IshnntriusBufym,05/16/2015 13:17:34,16/05/2015 05:17,1
ManadorSternfont,05/17/2015 00:18:49,16/05/2015 16:18,1
SaithrisShakajas,05/16/2015 20:18:21,16/05/2015 12:18,1
ArarisarStarbinder,05/17/2015 01:17:34,16/05/2015 17:17,1
MakazahnFelodwyn,05/16/2015 18:18:27,16/05/2015 10:18,1
KulaNegore,05/16/2015 22:18:05,16/05/2015 14:18,1
ShalirgasFetaur,05/17/2015 09:18:43,17/05/2015 01:18,1
PeghmaGoldenfist,05/16/2015 16:18:35,16/05/2015 08:18,1
DawnravenFenritaur,05/16/2015 17:18:17,16/05/2015 09:18,1
HugirisBoth,05/17/2015 05:18:26,16/05/2015 21:18,1
DilarNitius,05/16/2015 23:18:15,16/05/2015 15:18,1
NelrajasAndromardre,05/17/2015 14:18:03,17/05/2015 06:18,1
DoukusGujar,05/17/2015 09:17:20,17/05/2015 01:17,1
TaushuraJujind,05/17/2015 13:17:48,17/05/2015 05:17,1
MavehelmMightblade,05/16/2015 21:17:51,16/05/2015 13:17,1
TanrisVijinn,05/17/2015 11:18:09,17/05/2015 03:18,1
MolarZulugar,05/17/2015 07:17:27,16/05/2015 23:17,1
KajizragoreJojurus,05/17/2015 06:18:39,16/05/2015 22:18,1
KulariTezshura,05/17/2015 08:18:19,17/05/2015 00:18,1
MorlurusShagelv,05/16/2015 16:18:56,16/05/2015 08:18,1
GaranBurithris,05/17/2015 10:17:17,17/05/2015 02:17,1
JurgKagashakar,05/17/2015 07:18:40,16/05/2015 23:18,1
MalarilZolorn,05/17/2015 08:18:58,17/05/2015 00:18,1
KenisLightwing,05/17/2015 14:17:58,17/05/2015 06:17,1
DokelvCentrillador,05/16/2015 19:17:29,16/05/2015 11:17,1
VolkisDulmaran,05/17/2015 12:17:24,17/05/2015 04:17,1
ThobandisGavinaya,05/17/2015 00:18:33,16/05/2015 16:18,1
GonosShak,05/17/2015 03:17:59,16/05/2015 19:17,1
ModidredAnanadar,05/17/2015 03:17:25,16/05/2015 19:17,1
RainwormKigak,05/17/2015 02:17:28,16/05/2015 18:17,1
DoukSaris,05/17/2015 12:17:20,17/05/2015 04:17,1
ThorisPerintrius,05/16/2015 23:17:56,16/05/2015 15:17,1
MazukazahnFlamebrin,05/16/2015 19:17:55,16/05/2015 11:17,1
AdriesidaVolmaran,05/17/2015 05:18:12,16/05/2015 21:18,1
ThotiusBalis,05/16/2015 21:18:47,16/05/2015 13:18,1
KigashoBlackmoon,05/17/2015 04:18:36,16/05/2015 20:18,1
YorgAndrozan,05/16/2015 22:17:55,16/05/2015 14:17,1
AndromalladorAnayan,05/17/2015 11:17:45,17/05/2015 03:17,1
MorardanaForad,05/17/2015 13:17:53,17/05/2015 05:17,1
GrojoraAxebinder,05/16/2015 17:17:29,16/05/2015 09:17,1
RunebringerSaberdra,05/17/2015 10:17:35,17/05/2015 02:17,1
GavirusBurus,05/16/2015 20:18:05,16/05/2015 12:18,1
GavizelMazumi,05/17/2015 01:17:38,16/05/2015 17:17,1
MajinnSpellgrove,05/16/2015 18:18:08,16/05/2015 10:18,1
RaindwellerKasho,05/17/2015 04:18:45,16/05/2015 20:18,1
NafymAriugelv,05/17/2015 02:17:58,16/05/2015 18:17,1
ShalilisDaill,05/17/2015 06:19:06,16/05/2015 22:19,1
vadro,06/24/2015 19:39:50,24/06/2015 11:39,1
jay_cook,05/12/2015 18:36:32,12/05/2015 10:36,1
eblun,05/12/2015 18:40:18,12/05/2015 10:40,1
marshallwayneee,05/12/2015 18:32:29,12/05/2015 10:32,1
thomas_baxter,05/12/2015 17:58:51,12/05/2015 09:58,1
chrisrockyou,05/12/2015 18:18:21,12/05/2015 10:18,1
tomwiek,05/12/2015 18:07:23,12/05/2015 10:07,1
IndianaLewis666,05/12/2015 18:54:39,12/05/2015 10:54,1
peterpenpeter,05/12/2015 18:19:02,12/05/2015 10:19,1
AllanMcPherson2,05/12/2015 20:04:24,12/05/2015 12:04,1
GeraldineKnapp,05/12/2015 18:20:35,12/05/2015 10:20,1
coolpau,05/12/2015 18:58:08,12/05/2015 10:58,1
RichardPhilbrick,05/12/2015 18:30:41,12/05/2015 10:30,1
MichelleBerends,05/12/2015 18:42:17,12/05/2015 10:42,1
m_peltier,05/12/2015 18:09:07,12/05/2015 10:09,1
hymynameisharold,05/12/2015 17:52:03,12/05/2015 09:52,1
chillypepperchilly,05/12/2015 18:29:07,12/05/2015 10:29,1
marcus_jones,05/12/2015 18:47:54,12/05/2015 10:47,1
lisa_kelley,05/12/2015 18:23:28,12/05/2015 10:23,1
lipstickred,05/12/2015 18:06:06,12/05/2015 10:06,1
sasanbasan,05/12/2015 17:52:39,12/05/2015 09:52,1
sunshinesunny,05/12/2015 18:39:17,12/05/2015 10:39,1
RichardShannon,05/13/2015 16:12:11,13/05/2015 08:12,1
nu3goxyu,05/24/2017 07:47:41,23/05/2017 23:47,1
TaraLynnRussel,05/12/2015 17:50:22,12/05/2015 09:50,1
YnellieryFezilkree,05/14/2015 23:43:09,14/05/2015 15:43,1
MeztimGavijurus,05/15/2015 23:25:37,15/05/2015 15:25,1
DathrisKelabar,05/16/2015 08:17:29,16/05/2015 00:17,1
MeztikusVusar,05/16/2015 09:17:29,16/05/2015 01:17,1
DoularZulkijas,05/15/2015 23:50:13,15/05/2015 15:50,1
KariusToshura,05/16/2015 11:17:52,16/05/2015 03:17,1
KaziraSirardin,05/16/2015 10:17:36,16/05/2015 02:17,1
DarimTatilar,05/16/2015 10:17:56,16/05/2015 02:17,1
FelordanaAkinojinn,05/16/2015 09:18:43,16/05/2015 01:18,1
KazitaurTruemane,05/15/2015 23:25:29,15/05/2015 15:25,1
BlackforgeKazikazah,05/16/2015 07:17:21,15/05/2015 23:17,1
AdorahuginnKele,05/16/2015 12:17:39,16/05/2015 04:17,1
BallariusAgamantriu,05/16/2015 05:17:54,15/05/2015 21:17,1
AdorakelvFelolis,05/16/2015 07:17:26,15/05/2015 23:17,1
GholbinradCentrilsa,05/16/2015 01:17:24,15/05/2015 17:17,1
KazilCentrilhala,05/16/2015 03:18:00,15/05/2015 19:18,1
DurnAdrierdana,05/16/2015 00:17:47,15/05/2015 16:17,1
FrostmoonVur,05/16/2015 06:18:43,15/05/2015 22:18,1
LandaathDalbine,05/16/2015 15:17:27,16/05/2015 07:17,1
TygraswynBloodblade,05/16/2015 02:17:25,15/05/2015 18:17,1
TruthwindDawnhunter,05/16/2015 02:17:20,15/05/2015 18:17,1
CordalenKeralsa,05/16/2015 14:17:34,16/05/2015 06:17,1
FenriranWhiteeye,05/16/2015 02:18:45,15/05/2015 18:18,1
MarinaraMolis,05/15/2015 23:25:52,15/05/2015 15:25,1
FaucageDoomsmith,05/16/2015 11:18:53,16/05/2015 03:18,1
MalakusShagore,05/16/2015 06:18:39,15/05/2015 22:18,1
DagdagrinnThordin,05/16/2015 09:18:24,16/05/2015 01:18,1
MezizilkreeRunewind,05/16/2015 02:18:18,15/05/2015 18:18,1
SaithilarOghmarus,05/16/2015 09:17:33,16/05/2015 01:17,1
MoramarVorr,05/16/2015 15:17:38,16/05/2015 07:17,1
AralmaranGajinn,05/16/2015 06:17:16,15/05/2015 22:17,1
ShajarDalardred,05/16/2015 10:18:25,16/05/2015 02:18,1
BranayaKeletius,05/16/2015 03:18:50,15/05/2015 19:18,1
BuMolhala,05/15/2015 23:50:21,15/05/2015 15:50,1
SaithiniusManakus,05/16/2015 14:18:11,16/05/2015 06:18,1
ThunderbringerKagre,05/16/2015 02:18:50,15/05/2015 18:18,1
AratGavith,05/16/2015 04:18:03,15/05/2015 20:18,1
RedhammerVusho,05/16/2015 01:17:39,15/05/2015 17:17,1
FernRunecaster,05/16/2015 01:18:23,15/05/2015 17:18,1
DofymZumuro,05/16/2015 14:17:52,16/05/2015 06:17,1
DirehammerDoomworm,05/16/2015 03:18:17,15/05/2015 19:18,1
BuzarusNathris,05/16/2015 12:18:25,16/05/2015 04:18,1
DagdalarDoulrajas,05/16/2015 06:19:06,15/05/2015 22:19,1
BeazedredLaighma,05/16/2015 12:18:21,16/05/2015 04:18,1
ShalrajasMightbring,05/16/2015 10:18:17,16/05/2015 02:18,1
BuzaradAna,05/16/2015 03:18:26,15/05/2015 19:18,1
TaularLightkiller,05/15/2015 19:55:31,15/05/2015 11:55,1
FenrisMnegrinn,05/16/2015 11:17:20,16/05/2015 03:17,1
HellbearerIshn,05/16/2015 13:18:22,16/05/2015 05:18,1
NajasMecage,05/16/2015 04:17:15,15/05/2015 20:17,1
DokasaDoushakar,05/15/2015 23:26:08,15/05/2015 15:26,1
BalaceDait,05/16/2015 14:17:38,16/05/2015 06:17,1
AnararanaModith,05/16/2015 12:17:36,16/05/2015 04:17,1
DougoreDaghma,05/16/2015 01:18:11,15/05/2015 17:18,1
GholbiziusGramand,05/16/2015 04:18:31,15/05/2015 20:18,1
CenradNuarad,05/16/2015 00:17:27,15/05/2015 16:17,1
MubandisAxeweaver,05/16/2015 06:17:57,15/05/2015 22:17,1
BuriathFelordred,05/16/2015 07:18:37,15/05/2015 23:18,1
GholisMazumi,05/16/2015 11:18:10,16/05/2015 03:18,1
FearlessbrewGazrago,05/16/2015 08:18:27,16/05/2015 00:18,1
DawnsongMalador,05/16/2015 11:18:41,16/05/2015 03:18,1
DagdalenShaligra,05/15/2015 23:26:16,15/05/2015 15:26,1
TygolkreeTygorn,05/16/2015 10:18:29,16/05/2015 02:18,1
BlackstalkerZulkisi,05/16/2015 02:18:13,15/05/2015 18:18,1
GorgMoogukus,05/16/2015 05:18:58,15/05/2015 21:18,1
MorlugdaMugore,05/16/2015 06:18:20,15/05/2015 22:18,1
KagalkisArigar,05/16/2015 09:18:33,16/05/2015 01:18,1
CemeenaShaswyn,05/16/2015 05:17:59,15/05/2015 21:17,1
ZujarDalara,05/16/2015 12:17:16,16/05/2015 04:17,1
OpiwieldKirr,05/16/2015 07:18:29,15/05/2015 23:18,1
AdriekusFlameworker,05/16/2015 03:18:31,15/05/2015 19:18,1
TholoreMorlurgas,05/16/2015 14:19:01,16/05/2015 06:19,1
ModiborThorgalis,05/16/2015 13:18:17,16/05/2015 05:18,1
KazrajoraMofyn,05/16/2015 12:18:15,16/05/2015 04:18,1
VujoraNightworker,05/16/2015 01:18:19,15/05/2015 17:18,1
MalogamandGrarne,05/16/2015 13:18:13,16/05/2015 05:18,1
WrathshadeButh,05/15/2015 23:25:41,15/05/2015 15:25,1
ZulkibeiTruefire,05/16/2015 14:17:29,16/05/2015 06:17,1
DaitIshnth,05/15/2015 23:49:56,15/05/2015 15:49,1
LasiusNalmeswyn,05/16/2015 00:17:14,15/05/2015 16:17,1
NagelvConjugar,05/15/2015 23:50:05,15/05/2015 15:50,1
KajimShadoweye,05/16/2015 01:17:56,15/05/2015 17:17,1
JoJotTygramand,05/16/2015 14:18:22,16/05/2015 06:18,1
UmlasMekus,05/16/2015 00:17:34,15/05/2015 16:17,1
IanradKisho,05/16/2015 11:17:35,16/05/2015 03:17,1
KanosDoulrajas,05/16/2015 08:17:25,16/05/2015 00:17,1
TaujinnStonewind,05/16/2015 00:17:38,15/05/2015 16:17,1
DozuruSteelbringer,05/16/2015 08:18:31,16/05/2015 00:18,1
KathribandisZa,05/16/2015 15:18:56,16/05/2015 07:18,1
ThunderbringerKajin,05/16/2015 01:17:29,15/05/2015 17:17,1
MoonshadeGavifyn,05/16/2015 04:18:27,15/05/2015 20:18,1
GranithisKirizar,05/15/2015 23:49:42,15/05/2015 15:49,1
TetAndromalak,05/16/2015 15:17:52,16/05/2015 07:17,1
PerilasBlackflame,05/16/2015 15:17:18,16/05/2015 07:17,1
BroadshaperNualar,05/15/2015 23:25:24,15/05/2015 15:25,1
FordrenisBloodstaff,05/16/2015 00:18:26,15/05/2015 16:18,1
CentrilvKashura,05/16/2015 08:17:45,16/05/2015 00:17,1
RockravenShaktilmar,05/15/2015 23:25:33,15/05/2015 15:25,1
ColasDushura,05/16/2015 07:18:42,15/05/2015 23:18,1
MunilsaNilanin,05/16/2015 09:17:47,16/05/2015 01:17,1
DianatiusFaern,05/16/2015 06:18:48,15/05/2015 22:18,1
GoshuraAdrienn,05/16/2015 01:18:15,15/05/2015 17:18,1
FenrilmaranMarin,05/16/2015 11:17:40,16/05/2015 03:17,1
TygrargasShadowstaf,05/15/2015 23:50:09,15/05/2015 15:50,1
CedredKirimath,05/16/2015 09:17:16,16/05/2015 01:17,1
ZaDacage,05/16/2015 14:17:57,16/05/2015 06:17,1
GravelbeardUmdar,05/16/2015 05:18:03,15/05/2015 21:18,1
DutBlackshaper,05/16/2015 00:18:14,15/05/2015 16:18,1
DuraKiririm,05/16/2015 06:19:02,15/05/2015 22:19,1
NikolabarMezticage,05/16/2015 12:17:51,16/05/2015 04:17,1
FordregdaNualis,05/16/2015 14:17:25,16/05/2015 06:17,1
FordremeenaModred,05/16/2015 04:18:45,15/05/2015 20:18,1
TaulrajasHugifyn,05/16/2015 05:19:18,15/05/2015 21:19,1
FelhazarVim,05/16/2015 01:18:06,15/05/2015 17:18,1
KathridarSaigar,05/15/2015 23:49:51,15/05/2015 15:49,1
BeazedredHunin,05/15/2015 23:25:45,15/05/2015 15:25,1
GuzuruKarin,05/16/2015 02:17:29,15/05/2015 18:17,1
KatiusNalmeginn,05/15/2015 23:25:56,15/05/2015 15:25,1
FomandAndroath,05/16/2015 00:17:43,15/05/2015 16:17,1
KazikazahnShakalkis,05/16/2015 12:17:55,16/05/2015 04:17,1
MavegrinnOghmagar,05/15/2015 23:26:12,15/05/2015 15:26,1
YozshurnDousar,05/16/2015 07:17:57,15/05/2015 23:17,1
MalanimSashakar,05/16/2015 10:17:40,16/05/2015 02:17,1
KazilkreeGavidi,05/16/2015 08:18:13,16/05/2015 00:18,1
ThetatiusTojatilar,05/16/2015 14:18:26,16/05/2015 06:18,1
AndrothrisAkile,05/16/2015 04:18:17,15/05/2015 20:18,1
ZulkilmaranFearless,05/16/2015 04:17:51,15/05/2015 20:17,1
AnayarnDusar,05/16/2015 13:17:58,16/05/2015 05:17,1
AuziusPebor,05/16/2015 10:17:45,16/05/2015 02:17,1
LighthammerAdora,05/16/2015 02:17:16,15/05/2015 18:17,1
OghmarielMorarne,05/16/2015 10:18:00,16/05/2015 02:18,1
KeralvMalarin,05/16/2015 12:17:27,16/05/2015 04:17,1
BeazekusGavilmeena,05/16/2015 04:18:49,15/05/2015 20:18,1
KekoraFejar,05/16/2015 05:17:16,15/05/2015 21:17,1
FaeshuraDirehammer,05/16/2015 13:17:48,16/05/2015 05:17,1
FoBeazezar,05/16/2015 09:17:42,16/05/2015 01:17,1
KaborBearis,05/16/2015 08:18:08,16/05/2015 00:18,1
GarisarCentri,05/16/2015 05:18:41,15/05/2015 21:18,1
BanrisShagal,05/16/2015 15:19:24,16/05/2015 07:19,1
ZulkizuruMauzahn,05/16/2015 07:17:30,15/05/2015 23:17,1
DelameenaDailar,05/16/2015 08:17:34,16/05/2015 00:17,1
CordaradKeraswyn,05/16/2015 14:18:57,16/05/2015 06:18,1
MenrisLainn,05/16/2015 03:19:11,15/05/2015 19:19,1
KejindGolabar,05/16/2015 11:17:56,16/05/2015 03:17,1
MalakusGobei,05/16/2015 05:18:22,15/05/2015 21:18,1
WhispermaneGakinos,05/16/2015 15:18:24,16/05/2015 07:18,1
ToktilarJular,05/16/2015 01:17:20,15/05/2015 17:17,1
ShaathRedweaver,05/16/2015 07:17:16,15/05/2015 23:17,1
GullMalazuru,05/16/2015 11:18:23,16/05/2015 03:18,1
TygozilkreeDandis,05/16/2015 03:18:35,15/05/2015 19:18,1
SamuhnCelen,05/15/2015 23:50:17,15/05/2015 15:50,1
BraathGhondis,05/16/2015 10:18:08,16/05/2015 02:18,1
DarkshaperWhiteblad,05/16/2015 05:19:02,15/05/2015 21:19,1
DozahnBlacksmasher,05/16/2015 13:17:16,16/05/2015 05:17,1
MalarnBuginn,05/16/2015 04:18:40,15/05/2015 20:18,1
NuadagasMudor,05/16/2015 04:18:22,15/05/2015 20:18,1
FeloraShadowbringer,05/16/2015 09:17:21,16/05/2015 01:17,1
MaloathFordrethis,05/16/2015 11:18:27,16/05/2015 03:18,1
BandidarKagaramar,05/16/2015 04:17:19,15/05/2015 20:17,1
GoltigoreArashishak,05/16/2015 08:17:20,16/05/2015 00:17,1
FolasMogrel,05/15/2015 23:50:35,15/05/2015 15:50,1
GamiBalladolune,05/16/2015 01:17:35,15/05/2015 17:17,1
AurilakSaijurus,05/16/2015 10:18:04,16/05/2015 02:18,1
DainosAndromaswyn,05/16/2015 02:18:41,15/05/2015 18:18,1
BlackstaffCordazar,05/16/2015 10:17:52,16/05/2015 02:17,1
NikinosTygranius,05/16/2015 03:18:22,15/05/2015 19:18,1
NiramarSaithithis,05/16/2015 08:18:41,16/05/2015 00:18,1
GriborSasho,05/15/2015 19:55:27,15/05/2015 11:55,1
MiranadarAnardana,05/16/2015 00:18:19,15/05/2015 16:18,1
UmluneYolar,05/16/2015 12:17:24,16/05/2015 04:17,1
VozilkreeStonebreak,05/16/2015 07:17:35,15/05/2015 23:17,1
MagedwellerMaloriel,05/16/2015 11:18:19,16/05/2015 03:18,1
BusidaHuginadar,05/16/2015 11:17:16,16/05/2015 03:17,1
DugisSabermaster,05/16/2015 06:18:15,15/05/2015 22:18,1
BuVoodoogul,05/16/2015 13:17:22,16/05/2015 05:17,1
AgathrisRockweaver,05/16/2015 09:17:38,16/05/2015 01:17,1
DuzshuraMorlurn,05/16/2015 02:18:22,15/05/2015 18:18,1
StarsmithPurefang,05/16/2015 15:17:22,16/05/2015 07:17,1
PezarMadal,05/16/2015 12:18:10,16/05/2015 04:18,1
GholbisiusAdrieginn,05/16/2015 15:17:48,16/05/2015 07:17,1
PerilasMawield,05/16/2015 03:17:46,15/05/2015 19:17,1
NaraWhitehunter,05/16/2015 10:17:48,16/05/2015 02:17,1
PeridwynSaithilis,05/16/2015 02:18:27,15/05/2015 18:18,1
FauraBugas,05/16/2015 00:17:23,15/05/2015 16:17,1
AnayaronAdorarin,05/16/2015 08:17:54,16/05/2015 00:17,1
MekreeKeswyn,05/16/2015 03:19:07,15/05/2015 19:19,1
BlackraySinshaper,05/16/2015 00:17:51,15/05/2015 16:17,1
DabeiSharpdefender,05/15/2015 23:50:00,15/05/2015 15:50,1
GoldskinKelmaran,05/16/2015 08:17:49,16/05/2015 00:17,1
KajihnGavinn,05/16/2015 13:17:27,16/05/2015 05:17,1
SindwellerKerarne,05/16/2015 03:17:41,15/05/2015 19:17,1
AgafynFefym,05/16/2015 07:17:40,15/05/2015 23:17,1
BallariFelorus,05/15/2015 23:26:00,15/05/2015 15:26,1
MoranShadowdragon,05/15/2015 23:50:25,15/05/2015 15:50,1
DalasMorlubandis,05/16/2015 09:17:25,16/05/2015 01:17,1
RunebourneMavetus,05/15/2015 23:50:45,15/05/2015 15:50,1
JothisMokus,05/16/2015 00:17:56,15/05/2015 16:17,1
MezilrajasRainconju,05/16/2015 14:18:43,16/05/2015 06:18,1
DawnfistKirirdana,05/16/2015 13:18:45,16/05/2015 05:18,1
JutAkinolar,05/16/2015 07:18:02,15/05/2015 23:18,1
MakinosMazugis,05/16/2015 04:17:32,15/05/2015 20:17,1
DoginnSirarim,05/16/2015 07:18:33,15/05/2015 23:18,1
NalkreeKadwyn,05/16/2015 03:17:27,15/05/2015 19:17,1
LajurusOghmagamand,05/16/2015 05:19:07,15/05/2015 21:19,1
BearadGakus,05/16/2015 15:17:57,16/05/2015 07:17,1
PerilisMezisida,05/16/2015 12:17:32,16/05/2015 04:17,1
FordrehuginnNilarga,05/16/2015 05:18:17,15/05/2015 21:18,1
GoltirrNuadaswyn,05/17/2015 05:18:35,16/05/2015 21:18,1
SaberwoodMikakazahn,05/16/2015 16:18:26,16/05/2015 08:18,1
TernCoidar,05/16/2015 18:18:03,16/05/2015 10:18,1
IanrisFordrebor,05/17/2015 11:18:41,17/05/2015 03:18,1
KelePerdin,05/17/2015 10:18:32,17/05/2015 02:18,1
BallargasFenribar,05/17/2015 02:18:03,16/05/2015 18:18,1
ArijurusRunesmasher,05/16/2015 17:17:56,16/05/2015 09:17,1
SaitiusGrilen,05/17/2015 00:18:28,16/05/2015 16:18,1
BurilNuadadred,05/17/2015 14:17:16,17/05/2015 06:17,1
MoogumuroGalrajas,05/17/2015 09:19:49,17/05/2015 01:19,1
NalmeathFordreril,05/16/2015 18:18:37,16/05/2015 10:18,1
SaithihelmDathris,05/17/2015 10:17:21,17/05/2015 02:17,1
DoomseekerDakelv,05/17/2015 08:18:08,17/05/2015 00:18,1
MoogukoraDugore,05/16/2015 19:17:46,16/05/2015 11:17,1
BuzathisWhitebrew,05/17/2015 12:17:53,17/05/2015 04:17,1
NiNizahn,05/16/2015 17:18:07,16/05/2015 09:18,1
OpindisCordafyn,05/16/2015 21:17:29,16/05/2015 13:17,1
MutaxeDorinrad,05/16/2015 18:17:40,16/05/2015 10:17,1
MalatiusJokus,05/17/2015 13:18:36,17/05/2015 05:18,1
MalmaranBurilbine,05/17/2015 10:17:30,17/05/2015 02:17,1
NaziusTujora,05/17/2015 09:19:06,17/05/2015 01:19,1
ShalilsaVor,05/16/2015 17:18:21,16/05/2015 09:18,1
CererneGardasar,05/16/2015 17:17:34,16/05/2015 09:17,1
AriloreKesida,05/17/2015 03:17:21,16/05/2015 19:17,1
ConjularAdolore,05/17/2015 08:17:22,17/05/2015 00:17,1
TaukoraBrakus,05/17/2015 02:18:58,16/05/2015 18:18,1
ThordanaLaigelv,05/16/2015 19:17:42,16/05/2015 11:17,1
MavergasTholak,05/16/2015 19:18:00,16/05/2015 11:18,1
SardredWhiteblade,05/17/2015 03:17:46,16/05/2015 19:17,1
SiramandThordirgas,05/17/2015 08:18:24,17/05/2015 00:18,1
NalisShaktimi,05/16/2015 16:18:39,16/05/2015 08:18,1
KazraktilarBluebear,05/17/2015 09:19:45,17/05/2015 01:19,1
ShaktisidaMoogum,05/17/2015 09:17:54,17/05/2015 01:17,1
SteelbrewGavirad,05/17/2015 13:18:45,17/05/2015 05:18,1
MolarMavellador,05/16/2015 22:17:22,16/05/2015 14:17,1
AriginnKerin,05/16/2015 17:18:12,16/05/2015 09:18,1
GranadarPenrad,05/17/2015 04:18:32,16/05/2015 20:18,1
BuzalisFern,05/17/2015 06:18:34,16/05/2015 22:18,1
DofymArcaneredeemer,05/17/2015 13:17:21,17/05/2015 05:17,1
PezanArigrinn,05/17/2015 09:17:59,17/05/2015 01:17,1
NuadagarKelenadar,05/17/2015 08:17:49,17/05/2015 00:17,1
KigashicageTegas,05/17/2015 02:18:16,16/05/2015 18:18,1
ThunderwalkerAurida,05/16/2015 23:17:30,16/05/2015 15:17,1
SanadarDagdara,05/17/2015 09:18:26,17/05/2015 01:18,1
ShalirusDoomcliff,05/17/2015 10:18:54,17/05/2015 02:18,1
AuririBeagrinn,05/17/2015 14:17:21,17/05/2015 06:17,1
BuzagasVinris,05/16/2015 21:17:46,16/05/2015 13:17,1
AdoswynShakam,05/17/2015 10:17:52,17/05/2015 02:17,1
YotilarMaramar,05/17/2015 05:17:23,16/05/2015 21:17,1
SamukazahnThunderfu,05/16/2015 20:18:00,16/05/2015 12:18,1
AkinorgWhisperforge,05/16/2015 17:17:38,16/05/2015 09:17,1
GraveleyeGardana,05/16/2015 20:18:40,16/05/2015 12:18,1
BakTygralore,05/17/2015 06:17:17,16/05/2015 22:17,1
ShalimathKekelv,05/17/2015 07:18:22,16/05/2015 23:18,1
KajoraDelalas,05/17/2015 08:18:39,17/05/2015 00:18,1
KejindMoogucage,05/16/2015 19:18:09,16/05/2015 11:18,1
ArashiraMirantrius,05/17/2015 13:18:27,17/05/2015 05:18,1
ThordibandisCentrin,05/16/2015 20:17:53,16/05/2015 12:17,1
IronhammerGholbithr,05/16/2015 17:17:17,16/05/2015 09:17,1
BoathDoushakar,05/17/2015 01:17:30,16/05/2015 17:17,1
DianarneFelhandis,05/17/2015 01:17:42,16/05/2015 17:17,1
DianafymMeztira,05/17/2015 01:18:18,16/05/2015 17:18,1
UmgraDoomcaster,05/17/2015 08:17:41,17/05/2015 00:17,1
GralladorTojall,05/17/2015 07:17:35,16/05/2015 23:17,1
SinbinderMezikasa,05/17/2015 04:18:27,16/05/2015 20:18,1
ThunderbreakerTuram,05/17/2015 02:19:07,16/05/2015 18:19,1
IshnnayaKendis,05/17/2015 09:20:01,17/05/2015 01:20,1
MorinBandikelv,05/17/2015 01:17:51,16/05/2015 17:17,1
ZurFergas,05/16/2015 23:17:34,16/05/2015 15:17,1
BragulBuzagda,05/17/2015 00:17:57,16/05/2015 16:17,1
ManarinDorizar,05/16/2015 21:18:03,16/05/2015 13:18,1
NarrTauzuru,05/16/2015 17:17:25,16/05/2015 09:17,1
TygotDorifyn,05/16/2015 18:17:34,16/05/2015 10:17,1
MadiIanlace,05/17/2015 12:17:16,17/05/2015 04:17,1
BuzariusCowield,05/16/2015 21:17:59,16/05/2015 13:17,1
BeazarStoneflame,05/16/2015 18:18:23,16/05/2015 10:18,1
WhitebrewOghmalore,05/17/2015 14:17:30,17/05/2015 06:17,1
MarinradMorlundis,05/17/2015 08:17:26,17/05/2015 00:17,1
DalsaGholbilis,05/16/2015 18:18:41,16/05/2015 10:18,1
ShalinadarForcegrov,05/17/2015 10:18:14,17/05/2015 02:18,1
MagulZolodal,05/17/2015 12:17:57,17/05/2015 04:17,1
JuzshuraDusho,05/16/2015 18:17:29,16/05/2015 10:17,1
AnagasAdorann,05/17/2015 11:17:55,17/05/2015 03:17,1
SatiusKathrilar,05/17/2015 07:19:04,16/05/2015 23:19,1
MolabarThetalis,05/16/2015 23:17:38,16/05/2015 15:17,1
KeleginnGa,05/16/2015 20:17:36,16/05/2015 12:17,1
MenosMerg,05/17/2015 03:17:50,16/05/2015 19:17,1
MaurisarKiri,05/17/2015 13:17:17,17/05/2015 05:17,1
IanniusFaurr,05/17/2015 05:18:21,16/05/2015 21:18,1
KelelarArindis,05/17/2015 01:18:04,16/05/2015 17:18,1
MebeiManadwyn,05/17/2015 06:19:11,16/05/2015 22:19,1
BlackbreakerDalalsa,05/16/2015 20:17:56,16/05/2015 12:17,1
BaloreDarne,05/17/2015 02:18:45,16/05/2015 18:18,1
NakazahnDogul,05/17/2015 11:17:41,17/05/2015 03:17,1
BurikusVogar,05/17/2015 06:17:31,16/05/2015 22:17,1
DogarSaithigamand,05/16/2015 21:17:33,16/05/2015 13:17,1
TruesingerYggbandis,05/17/2015 02:18:11,16/05/2015 18:18,1
GoltijinPurepick,05/16/2015 23:17:47,16/05/2015 15:17,1
DoridorMalanrad,05/17/2015 05:17:31,16/05/2015 21:17,1
VishoSardred,05/16/2015 21:18:29,16/05/2015 13:18,1
BlackfangSinbeard,05/17/2015 01:17:16,16/05/2015 17:17,1
GujarBuzarius,05/17/2015 13:18:32,17/05/2015 05:18,1
BalabarTruesinger,05/17/2015 13:17:57,17/05/2015 05:17,1
BroadsongKegar,05/17/2015 01:17:46,16/05/2015 17:17,1
SamularMavelas,05/17/2015 07:17:44,16/05/2015 23:17,1
AnayawynIansida,05/17/2015 11:17:31,17/05/2015 03:17,1
YozshulkreeKathriwi,05/17/2015 06:18:21,16/05/2015 22:18,1
DiananradKula,05/17/2015 14:18:46,17/05/2015 06:18,1
ButhrisNecage,05/17/2015 06:18:16,16/05/2015 22:18,1
GrosarGhollador,05/17/2015 08:18:04,17/05/2015 00:18,1
DirehammerTojajin,05/16/2015 20:18:10,16/05/2015 12:18,1
GranradAgazar,05/17/2015 00:18:24,16/05/2015 16:18,1
ZagelvKirilmeena,05/16/2015 18:18:12,16/05/2015 10:18,1
MebarConjulhala,05/16/2015 20:17:41,16/05/2015 12:17,1
DadredGawield,05/16/2015 17:17:42,16/05/2015 09:17,1
ThohuginnDianardred,05/17/2015 01:18:00,16/05/2015 17:18,1
BluerayAkinorn,05/17/2015 01:17:21,16/05/2015 17:17,1
NirdinKazrall,05/17/2015 03:18:12,16/05/2015 19:18,1
KulanadarMazubar,05/16/2015 20:17:45,16/05/2015 12:17,1
NightravenJoJotilar,05/17/2015 12:17:44,17/05/2015 04:17,1
GutilarBlackraven,05/17/2015 06:18:30,16/05/2015 22:18,1
GhosiusAraswyn,05/17/2015 01:18:23,16/05/2015 17:18,1
NitFothris,05/17/2015 14:18:31,17/05/2015 06:18,1
MirandisStoneblade,05/17/2015 04:18:41,16/05/2015 20:18,1
FrostdragonTukus,05/16/2015 21:18:08,16/05/2015 13:18,1
FlamebringerRockdwe,05/16/2015 16:17:25,16/05/2015 08:17,1
GaluneManis,05/16/2015 19:17:33,16/05/2015 11:17,1
ModinadarKamuro,05/17/2015 06:18:25,16/05/2015 22:18,1
KigaleLaidred,05/17/2015 04:17:25,16/05/2015 20:17,1
KigajoraTruemaster,05/17/2015 02:18:07,16/05/2015 18:18,1
KedarGavirne,05/16/2015 16:18:44,16/05/2015 08:18,1
PeriBeamath,05/17/2015 00:18:19,16/05/2015 16:18,1
WindscarThetarim,05/16/2015 18:18:46,16/05/2015 10:18,1
MalazelHellwarden,05/17/2015 03:18:08,16/05/2015 19:18,1
FlamesmasherMalordr,05/17/2015 12:18:26,17/05/2015 04:18,1
ThunderconjurorDark,05/17/2015 00:17:39,16/05/2015 16:17,1
DaranBlueworker,05/17/2015 01:17:55,16/05/2015 17:17,1
KerameenaShalimath,05/17/2015 10:18:41,17/05/2015 02:18,1
AnarardredStonebran,05/17/2015 08:17:45,17/05/2015 00:17,1
FrostshadeMozil,05/16/2015 18:17:15,16/05/2015 10:17,1
ArashirAgarin,05/16/2015 16:17:21,16/05/2015 08:17,1
ThorgalarKalar,05/17/2015 04:18:50,16/05/2015 20:18,1
KargBeazeswyn,05/16/2015 21:17:25,16/05/2015 13:17,1
OghmalarDoomray,05/17/2015 07:17:40,16/05/2015 23:17,1
ThontriusMaulkis,05/17/2015 02:17:41,16/05/2015 18:17,1
GornSham,05/16/2015 20:17:21,16/05/2015 12:17,1
NikomuroCeris,05/16/2015 16:17:37,16/05/2015 08:17,1
IronwormGrirdana,05/17/2015 14:17:34,17/05/2015 06:17,1
VojinThordithis,05/16/2015 23:18:19,16/05/2015 15:18,1
GamathTura,05/16/2015 23:17:16,16/05/2015 15:17,1
SpellhunterGaktilar,05/16/2015 16:17:17,16/05/2015 08:17,1
MneborFlamemaster,05/16/2015 22:18:57,16/05/2015 14:18,1
SilverdefenderNuada,05/16/2015 18:17:59,16/05/2015 10:17,1
MalasarCordanius,05/16/2015 19:17:25,16/05/2015 11:17,1
AndromaziusShakalar,05/17/2015 04:17:20,16/05/2015 20:17,1
YggwieldKagakree,05/16/2015 17:17:21,16/05/2015 09:17,1
YozshusidaMujora,05/17/2015 03:17:41,16/05/2015 19:17,1
MuthYole,05/17/2015 04:18:54,16/05/2015 20:18,1
KagazuruMarin,05/17/2015 09:17:45,17/05/2015 01:17,1
JumuroFlameweaver,05/16/2015 22:18:10,16/05/2015 14:18,1
MajindSirahuginn,05/17/2015 11:18:27,17/05/2015 03:18,1
HuginnShantrius,05/17/2015 11:17:50,17/05/2015 03:17,1
NightbreakerCefym,05/17/2015 12:18:30,17/05/2015 04:18,1
IroneyeManagar,05/17/2015 09:19:11,17/05/2015 01:19,1
NikokazahnSpellston,05/17/2015 00:17:25,16/05/2015 16:17,1
DarkbreakerBeazenar,05/16/2015 22:18:29,16/05/2015 14:18,1
RagescarTejin,05/16/2015 22:18:53,16/05/2015 14:18,1
StarredeemerFlamebr,05/16/2015 22:17:51,16/05/2015 14:17,1
AuriborSternworker,05/17/2015 07:18:04,16/05/2015 23:18,1
ConjuDrelatius,05/16/2015 23:17:25,16/05/2015 15:17,1
DagdalisStoneweaver,05/17/2015 00:18:11,16/05/2015 16:18,1
MoonwardenAdrierdin,05/17/2015 02:17:23,16/05/2015 18:17,1
KigagorZujin,05/17/2015 00:17:34,16/05/2015 16:17,1
DailarKezshura,05/17/2015 00:17:29,16/05/2015 16:17,1
DianatusSharpcliff,05/16/2015 20:17:17,16/05/2015 12:17,1
SaberwardenBabandis,05/17/2015 13:18:40,17/05/2015 05:18,1
BalladothisBragami,05/16/2015 22:18:33,16/05/2015 14:18,1
KillTygoll,05/17/2015 13:18:19,17/05/2015 05:18,1
MaveghmaSamurg,05/17/2015 11:17:35,17/05/2015 03:17,1
MosidaBlacksinger,05/17/2015 11:19:00,17/05/2015 03:19,1
BagraMolar,05/16/2015 21:18:43,16/05/2015 13:18,1
TegrelKajilkree,05/16/2015 17:18:25,16/05/2015 09:18,1
KillThowield,05/16/2015 22:19:02,16/05/2015 14:19,1
AdorariusBrightflam,05/17/2015 13:18:15,17/05/2015 05:18,1
SwordfistBraktilar,05/16/2015 19:17:37,16/05/2015 11:17,1
KaziktilarYokus,05/17/2015 12:17:49,17/05/2015 04:17,1
MirnSairne,05/17/2015 04:17:50,16/05/2015 20:17,1
MaririelNila,05/16/2015 17:18:29,16/05/2015 09:18,1
KeramarKemand,05/17/2015 02:18:30,16/05/2015 18:18,1
ArashigrelVudolmara,05/17/2015 12:17:35,17/05/2015 04:17,1
LamathConjurdin,05/16/2015 19:17:51,16/05/2015 11:17,1
GozshuraTagrel,05/17/2015 08:18:28,17/05/2015 00:18,1
MuzilDoritius,05/17/2015 14:18:41,17/05/2015 06:18,1
CewieldGranius,05/17/2015 04:17:33,16/05/2015 20:17,1
CordaKat,05/16/2015 22:18:48,16/05/2015 14:18,1
MoshicageCentrirdre,05/17/2015 11:18:14,17/05/2015 03:18,1
TauzragoreAndrolune,05/17/2015 02:19:02,16/05/2015 18:19,1
AndromajurusDianage,05/17/2015 13:18:01,17/05/2015 05:18,1
FlamebinderFelhadre,05/17/2015 03:17:33,16/05/2015 19:17,1
GoldenwoodAnayawiel,05/17/2015 03:18:03,16/05/2015 19:18,1
PainforgeKigagis,05/16/2015 19:17:21,16/05/2015 11:17,1
DoutaxeDijora,05/17/2015 10:18:18,17/05/2015 02:18,1
FelhardredLandabor,05/17/2015 07:18:50,16/05/2015 23:18,1
KagataxeDala,05/17/2015 01:17:26,16/05/2015 17:17,1
OpintriusMalador,05/17/2015 04:17:37,16/05/2015 20:17,1
GoltirnAdrie,05/17/2015 04:18:59,16/05/2015 20:18,1
GraniziusAndromaghm,05/16/2015 23:18:01,16/05/2015 15:18,1
VuzilHuwyn,05/17/2015 10:19:08,17/05/2015 02:19,1
MunirielDawnsmith,05/16/2015 16:17:33,16/05/2015 08:17,1
MadiTor,05/17/2015 05:18:17,16/05/2015 21:18,1
MashuraManalmeena,05/17/2015 08:17:17,17/05/2015 00:17,1
KakelvGror,05/17/2015 07:18:44,16/05/2015 23:18,1
DarisFelar,05/17/2015 07:17:49,16/05/2015 23:17,1
TetaurTashura,05/16/2015 22:17:39,16/05/2015 14:17,1
BroadbrandStoneweav,05/17/2015 07:17:31,16/05/2015 23:17,1
KirnGavinrasida,05/16/2015 19:18:13,16/05/2015 11:18,1
ArisidaFaekasa,05/17/2015 10:17:47,17/05/2015 02:17,1
BlackwardenVudozil,05/17/2015 03:17:29,16/05/2015 19:17,1
AurinisNuadardred,05/16/2015 22:18:14,16/05/2015 14:18,1
GardalmaranMelkis,05/17/2015 05:18:08,16/05/2015 21:18,1
AdoralanimBlackpick,05/17/2015 11:18:45,17/05/2015 03:18,1
KazratBeazenn,05/17/2015 03:17:37,16/05/2015 19:17,1
TygralasModidred,05/17/2015 11:17:26,17/05/2015 03:17,1
BuriAnage,05/17/2015 00:18:15,16/05/2015 16:18,1
MoogugorAkinotaxe,05/17/2015 09:17:50,17/05/2015 01:17,1
GriraAgabor,05/17/2015 12:18:39,17/05/2015 04:18,1
NiladredMajar,05/16/2015 20:17:49,16/05/2015 12:17,1
GrinayaMunilanim,05/17/2015 03:17:55,16/05/2015 19:17,1
BumeenaJulrajas,05/17/2015 10:17:43,17/05/2015 02:17,1
MumiMikagis,05/17/2015 03:17:16,16/05/2015 19:17,1
BeazegdaAgaril,05/17/2015 05:18:31,16/05/2015 21:18,1
BloodshadeMoonweave,05/16/2015 23:17:21,16/05/2015 15:17,1
JusarCoginn,05/16/2015 19:17:17,16/05/2015 11:17,1
MetilarMavenadar,05/16/2015 23:18:23,16/05/2015 15:18,1
DogisVogrel,05/17/2015 13:18:24,17/05/2015 05:18,1
NightwindLagar,05/16/2015 22:18:37,16/05/2015 14:18,1
KazragoreMale,05/17/2015 00:18:44,16/05/2015 16:18,1
AnaraninMagar,05/16/2015 21:17:42,16/05/2015 13:17,1
DagdaranaAkilmaran,05/16/2015 16:18:21,16/05/2015 08:18,1
ShakalrajasTholsa,05/17/2015 08:18:53,17/05/2015 00:18,1
WhitebringerTewyn,05/17/2015 05:17:36,16/05/2015 21:17,1
KagazshuraDoulrajas,05/17/2015 12:18:35,17/05/2015 04:18,1
KagorJuhn,05/16/2015 23:18:32,16/05/2015 15:18,1
AuridredDarad,05/17/2015 09:18:48,17/05/2015 01:18,1
VisarColace,05/17/2015 05:17:18,16/05/2015 21:17,1
RainsongTojarn,05/16/2015 23:18:28,16/05/2015 15:18,1
SteelfontKeleris,05/16/2015 21:17:38,16/05/2015 13:17,1
ZukazahnAurifym,05/17/2015 12:17:29,17/05/2015 04:17,1
LandadorJoJora,05/17/2015 14:17:25,17/05/2015 06:17,1
StonewoodCoirus,05/16/2015 16:17:45,16/05/2015 08:17,1
SiralhalaYojin,05/16/2015 21:17:55,16/05/2015 13:17,1
SinweaverMordred,05/16/2015 19:18:04,16/05/2015 11:18,1
AurigeAnarin,05/17/2015 10:17:39,17/05/2015 02:17,1
KiriTygramath,05/16/2015 18:17:45,16/05/2015 10:17,1
ArajinTaukazahn,05/17/2015 05:17:54,16/05/2015 21:17,1
MalarAdosius,05/16/2015 16:18:30,16/05/2015 08:18,1
ShaktilkisTumuro,05/17/2015 07:17:53,16/05/2015 23:17,1
YorgConjunara,05/16/2015 20:18:36,16/05/2015 12:18,1
JoJolarKathrimand,05/17/2015 05:17:27,16/05/2015 21:17,1
paulgrapes,10/17/2014 04:45:20,16/10/2014 20:45,1
rapitangnyy,06/23/2015 02:23:27,22/06/2015 18:23,1
artautumn,04/06/2015 22:45:29,06/04/2015 14:45,1
dipperhummer,12/15/2015 16:10:24,15/12/2015 08:10,1
Ten_GOP,07/05/2017 10:49:22,05/07/2017 02:49,1
ny_black_protest,02/18/2016 20:43:25,18/02/2016 12:43,1
andy1235,03/03/2016 23:06:37,03/03/2016 15:06,1
magaing4trump,05/29/2016 09:20:59,29/05/2016 01:20,1
gogomrbrown,09/17/2015 16:03:05,17/09/2015 08:03,1
MatEvidence,11/16/2015 21:37:18,16/11/2015 13:37,1
lilstoner,09/03/2015 04:54:44,02/09/2015 20:54,1
jenn_abrams,12/18/2017 21:46:29,18/12/2017 13:46,1
leecory,06/23/2016 04:10:16,22/06/2016 20:10,1
georgeschultz,07/16/2013 19:32:26,16/07/2013 11:32,1
KularimGaviril,05/16/2015 03:18:04,15/05/2015 19:18,1
miajones005,09/08/2015 00:24:34,07/09/2015 16:24,1
rblackie,11/02/2016 22:39:23,02/11/2016 14:39,1
hollymolly2015,09/03/2015 14:21:23,03/09/2015 06:21,1
lydia_rodarte-quayle,12/05/2016 21:11:07,05/12/2016 13:11,1
Motlalepule,10/28/2016 20:40:23,28/10/2016 12:40,1
Motlalent,10/26/2016 21:29:59,26/10/2016 13:29,1
Bugemlon,10/26/2016 22:21:46,26/10/2016 14:21,1
Amohelang,10/28/2016 21:01:25,28/10/2016 13:01,1
Eliot_Aiden,12/05/2016 23:17:56,05/12/2016 15:17,1
Tyrone_Marion,12/05/2016 22:48:13,05/12/2016 14:48,1
Jaden_Corey,12/05/2016 22:07:20,05/12/2016 14:07,1
Aiden_Chuck,11/02/2016 22:30:54,02/11/2016 14:30,1
Tristen_Sadler,10/24/2016 20:02:16,24/10/2016 12:02,1
LorrySn,10/03/2016 21:07:54,03/10/2016 13:07,1
deren777,10/24/2016 20:29:03,24/10/2016 12:29,1
sarah_sanchez,06/16/2015 22:31:59,16/06/2015 14:31,1
julesbrandy,03/26/2016 20:31:49,26/03/2016 12:31,1
HelenaFreiy,10/03/2016 16:21:54,03/10/2016 08:21,1
smarteagles,03/22/2016 20:51:18,22/03/2016 12:51,1
geoffreych,03/12/2016 17:18:21,12/03/2016 09:18,1
MarkHudson89,12/09/2016 22:20:56,09/12/2016 14:20,1
FuUNCake,06/14/2016 15:03:52,14/06/2016 07:03,1
tebepizdec,10/02/2014 19:26:56,02/10/2014 11:26,1
rebekahbennet,01/24/2015 15:27:10,24/01/2015 07:27,1
hcaner,06/28/2014 17:05:16,28/06/2014 09:05,1
bilberrypie,09/03/2015 14:19:47,03/09/2015 06:19,1
vsbeats,10/23/2015 22:31:09,23/10/2015 14:31,1
fergensonk,10/23/2015 23:59:27,23/10/2015 15:59,1
illlolyourtexass,11/06/2015 20:43:58,06/11/2015 12:43,1
astridrooo,04/04/2016 21:38:44,04/04/2016 13:38,1
lunacyfreak,05/20/2016 23:00:33,20/05/2016 15:00,1
cre-ker,05/31/2016 00:38:08,30/05/2016 16:38,1
valyaspb,06/02/2016 19:02:06,02/06/2016 11:02,1
joewellbenson,06/10/2016 18:18:44,10/06/2016 10:18,1
ivanlox255,10/05/2016 17:10:56,05/10/2016 09:10,1
huyolzovatel,10/11/2016 18:04:55,11/10/2016 10:04,1
pizdectest,10/13/2016 19:16:52,13/10/2016 11:16,1
kozloshlyap,10/05/2016 21:06:22,05/10/2016 13:06,1
picnicshirt,10/18/2016 22:52:20,18/10/2016 14:52,161
issastunna,07/13/2017 18:55:54,13/07/2017 10:55,1
stendupp,11/02/2017 10:32:08,02/11/2017 02:32,1
stenlies,11/02/2017 10:05:03,02/11/2017 02:05,1
failkate,11/03/2017 11:41:03,03/11/2017 03:41,1
smoliangirl,11/03/2017 11:28:35,03/11/2017 03:28,1
mironon,11/03/2017 11:16:16,03/11/2017 03:16,1
traceyjohnson,06/02/2016 15:31:40,02/06/2016 07:31,1
stephenbag,09/18/2015 15:58:55,18/09/2015 07:58,1
bennylewis,08/11/2017 11:18:05,11/08/2017 03:18,1
susanpeterson,01/30/2013 17:40:39,30/01/2013 09:40,1
madpood,12/14/2015 15:42:19,14/12/2015 07:42,1
amazingbodilyfluids,06/26/2016 23:19:36,26/06/2016 15:19,1
ajcrwl,10/19/2016 07:43:13,18/10/2016 23:43,1
qkempek,06/23/2015 17:20:09,23/06/2015 09:20,1
sandlerwow,09/09/2015 16:49:16,09/09/2015 08:49,1
BleepThePolice,11/15/2015 13:53:32,15/11/2015 05:53,1
merlinperegrin,06/06/2015 18:58:05,06/06/2015 10:58,3
Albert_Baldwin,10/18/2016 22:57:26,18/10/2016 14:57,1
Tayler_Cletis,12/06/2016 21:07:39,06/12/2016 13:07,1
vsrruslan,07/01/2015 19:47:41,01/07/2015 11:47,1
ser005,06/25/2015 00:04:36,24/06/2015 16:04,1
YggkelvZurn,05/14/2015 23:45:18,14/05/2015 15:45,1
KazishuraTerne,05/14/2015 23:57:47,14/05/2015 15:57,1
baconlover8,12/22/2017 05:57:45,21/12/2017 21:57,12
SouthLoneStar,03/02/2016 03:59:11,01/03/2016 19:59,1
Lepolesa,10/25/2016 18:00:37,25/10/2016 10:00,2
moluleloa,10/18/2016 22:39:44,18/10/2016 14:39,4
YggwynZulkigul,05/15/2015 19:55:43,15/05/2015 11:55,2
vsruslan,07/01/2015 17:34:18,01/07/2015 09:34,4
Kutloisiso,10/27/2016 19:03:38,27/10/2016 11:03,543
Hararnir,11/03/2016 17:04:53,03/11/2016 09:04,4
georgepharell,10/18/2016 22:31:42,18/10/2016 14:31,12
kuabrush,11/03/2016 18:29:48,03/11/2016 10:29,5
mikeehrmantraut55,12/05/2016 20:34:15,05/12/2016 12:34,5
salamanca_tuco,12/05/2016 21:03:47,05/12/2016 13:03,5
WileandraMalhala,05/14/2015 23:29:25,14/05/2015 15:29,3
RobbKR,10/03/2016 19:04:31,03/10/2016 11:04,6
ThorgalenGozil,05/15/2015 18:44:25,15/05/2015 10:44,3
wolfen01,09/08/2015 05:39:34,07/09/2015 21:39,6
jessepinkman1984,12/05/2016 20:18:02,05/12/2016 12:18,6
letlotlow,12/05/2016 21:10:34,05/12/2016 13:10,6
solodoto666,10/28/2016 17:04:31,28/10/2016 09:04,7
saulgoodman1978,12/05/2016 20:25:56,05/12/2016 12:25,7
Mamigon,11/03/2016 22:55:37,03/11/2016 14:55,7
TakeMyEnerGG,12/06/2016 19:48:42,06/12/2016 11:48,7
ZuluraGolar,05/15/2015 19:56:24,15/05/2015 11:56,1
anime_stan,09/08/2015 17:29:23,08/09/2015 09:29,9
khotsofalan,12/06/2016 20:09:51,06/12/2016 12:09,8
Ezra_Jimmie,12/06/2016 20:58:03,06/12/2016 12:58,8
QuenceynnTejora,05/14/2015 23:28:44,14/05/2015 15:28,7
IronhammerConjukelv,05/15/2015 22:06:54,15/05/2015 14:06,11
trollsofficial,12/25/2017 22:00:34,25/12/2017 14:00,9
fring-gus,12/05/2016 19:55:09,05/12/2016 11:55,9
truckshark,10/20/2016 00:30:02,19/10/2016 16:30,11
FezilGavinn,05/14/2015 23:59:15,14/05/2015 15:59,11
AdoraronDoomworker,05/15/2015 19:29:27,15/05/2015 11:29,38
ZolosidaSpellsinger,05/15/2015 19:10:33,15/05/2015 11:10,12
KahuginnCerenadar,05/15/2015 18:44:05,15/05/2015 10:44,5
YokouJJ,12/06/2016 19:10:23,06/12/2016 11:10,10
VuranThordilore,05/15/2015 22:06:45,15/05/2015 14:06,10
Brenden_Kevyn,12/06/2016 18:35:10,06/12/2016 10:35,11
LandageKador,05/14/2015 23:59:31,14/05/2015 15:59,14
BrahnVilar,05/15/2015 19:56:00,15/05/2015 11:56,6
GaranaTobar,05/15/2015 18:44:59,15/05/2015 10:44,10
YggdorKakree,05/15/2015 21:38:47,15/05/2015 13:38,11
graulli,12/05/2016 22:58:09,05/12/2016 14:58,13
Heirlow,11/03/2016 22:47:11,03/11/2016 14:47,13
FordreranaCordagda,05/15/2015 21:41:08,15/05/2015 13:41,7
randomipad,04/27/2017 02:55:00,26/04/2017 18:55,11
SailakSamura,05/14/2015 23:59:51,14/05/2015 15:59,18
smollow,10/24/2016 19:44:14,24/10/2016 11:44,13
socketwom,12/06/2016 18:40:42,06/12/2016 10:40,15
foxmeowlder,01/28/2016 20:35:13,28/01/2016 12:35,15
CeriusTojajar,05/15/2015 00:35:48,14/05/2015 16:35,16
ModitiusOpirius,05/14/2015 23:57:38,14/05/2015 15:57,24
mohato,10/24/2016 20:07:11,24/10/2016 12:07,15
Abena_Tau,03/30/2016 22:23:08,30/03/2016 14:23,17
GranilisDogul,05/14/2015 23:57:13,14/05/2015 15:57,9
BloodwoodArashizrag,05/15/2015 21:17:20,15/05/2015 13:17,19
crownalbum,10/28/2016 22:33:34,28/10/2016 14:33,18
DaytonayenMoranaya,05/14/2015 23:44:08,14/05/2015 15:44,18
CewieldZuluhn,05/15/2015 19:10:37,15/05/2015 11:10,14
Taulou,10/25/2016 17:43:26,25/10/2016 09:43,76
VoodoogamiAurilak,05/15/2015 18:44:45,15/05/2015 10:44,23
HaroldGarold,11/02/2016 23:02:39,02/11/2016 15:02,87
OghmagelvFedora,05/15/2015 19:29:11,15/05/2015 11:29,11
davscolf,03/26/2017 23:16:59,26/03/2017 15:16,22
LightshadeGardakino,05/15/2015 21:17:03,15/05/2015 13:17,19
TetaurDafyn,05/15/2015 18:36:31,15/05/2015 10:36,20
HoodieLoodie,10/30/2016 23:22:55,30/10/2016 15:22,23
walterwhite1962,12/05/2016 20:07:22,05/12/2016 12:07,23
Derek_Daniel,12/06/2016 20:17:14,06/12/2016 12:17,23
KagrelMauran,05/15/2015 22:07:06,15/05/2015 14:07,25
NilarilOpirim,05/15/2015 19:56:41,15/05/2015 11:56,21
DrelathrisBo,05/15/2015 00:34:46,14/05/2015 16:34,20
SalmaranLaihuginn,05/15/2015 19:29:44,15/05/2015 11:29,20
mr_clampin,08/06/2016 11:15:58,06/08/2016 03:15,28
VanecedwaShadowsmith,05/14/2015 23:29:02,14/05/2015 15:29,24
SadCitizen2016,08/23/2016 19:17:06,23/08/2016 11:17,28
seatfaith,10/31/2016 22:49:57,31/10/2016 14:49,27
AgaluneMalordred,05/15/2015 21:17:38,15/05/2015 13:17,14
MeepoPeep,12/06/2016 17:45:57,06/12/2016 09:45,30
KakreeTabar,05/15/2015 19:29:15,15/05/2015 11:29,33
thistleescape,10/27/2016 00:23:35,26/10/2016 16:23,262
Garry_Gregg,12/06/2016 20:08:35,06/12/2016 12:08,36
WilliananLandalsa,05/14/2015 23:28:53,14/05/2015 15:28,34
germagamo,12/05/2016 23:20:47,05/12/2016 15:20,37
inkreindeer,10/30/2016 23:21:30,30/10/2016 15:21,38
TojasidaSamukree,05/15/2015 19:09:39,15/05/2015 11:09,62
hank-schrade,12/05/2016 20:41:43,05/12/2016 12:41,41
IshnranaAnayagrinn,05/15/2015 19:11:00,15/05/2015 11:11,43
aubrey_harper,12/06/2016 17:20:44,06/12/2016 09:20,44
ModitiusFaetaur,05/14/2015 23:44:48,14/05/2015 15:44,23
GushicageAgamadi,05/15/2015 21:18:09,15/05/2015 13:18,40
NuaborShaktikasa,05/15/2015 19:55:52,15/05/2015 11:55,47
garliccomet,10/28/2016 23:16:26,28/10/2016 15:16,47
jerrhill,09/16/2015 21:36:03,16/09/2015 13:36,19
moonreading,11/02/2016 23:03:12,02/11/2016 15:03,94
MalojurusMutus,05/14/2015 23:47:05,14/05/2015 15:47,55
Riley_Gerrard,12/06/2016 17:58:17,06/12/2016 09:58,55
AralisTugis,05/15/2015 00:36:10,14/05/2015 16:36,29
FreddieGi,10/27/2016 02:14:28,26/10/2016 18:14,49
CogelvWhitebinder,05/15/2015 22:07:10,15/05/2015 14:07,60
VojarAndrorus,05/15/2015 19:29:18,15/05/2015 11:29,53
SharprunnerAndrolas,05/15/2015 19:29:53,15/05/2015 11:29,76
winthrop_clancy,10/27/2016 23:48:32,27/10/2016 15:48,725
emilyli,09/22/2015 09:07:22,22/09/2015 01:07,77
BagoreZulkihn,05/15/2015 18:45:03,15/05/2015 10:45,78
muslimzebra,12/06/2016 00:20:44,05/12/2016 16:20,83
DorothieBell,08/06/2016 11:06:07,06/08/2016 03:06,49
Orville_Willy,12/06/2016 18:28:12,06/12/2016 10:28,92
wadeharriot,08/06/2016 10:46:14,06/08/2016 02:46,90
KatusPenadar,05/15/2015 22:06:26,15/05/2015 14:06,47
KulazelKelkree,05/14/2015 23:46:02,14/05/2015 15:46,93
1488Reasons,01/16/2016 16:01:07,16/01/2016 08:01,1
TojatMalaron,05/15/2015 19:29:48,15/05/2015 11:29,130
dreamsquadd,12/06/2016 19:59:42,06/12/2016 11:59,98
DalabandisAndroma,05/15/2015 19:29:03,15/05/2015 11:29,19
cakes689,03/20/2017 13:57:52,20/03/2017 05:57,31
Zach_Bristol,12/06/2016 17:31:15,06/12/2016 09:31,110
riversailor,10/24/2016 19:59:36,24/10/2016 11:59,14
SteelfangMogamand,05/15/2015 22:06:41,15/05/2015 14:06,121
bottlehope,10/31/2016 23:00:15,31/10/2016 15:00,112
Gilbert_Preston,12/06/2016 17:50:36,06/12/2016 09:50,113
harperdaveharper,11/14/2015 16:16:57,14/11/2015 08:16,20819
chriscrossfire,09/22/2015 08:48:07,22/09/2015 00:48,116
RobbyDelaware,11/08/2014 17:52:34,08/11/2014 09:52,90
GavinayaBeazefym,05/15/2015 21:39:56,15/05/2015 13:39,99
Paolosi,12/06/2016 18:08:05,06/12/2016 10:08,124
SnorrySturluson,02/29/2016 23:12:50,29/02/2016 15:12,134
GoldenbringerTogore,05/15/2015 00:35:14,14/05/2015 16:35,129
NalenTaugami,05/14/2015 23:56:39,14/05/2015 15:56,145
MoonMoon8,12/06/2016 16:43:20,06/12/2016 08:43,141
Darcy_Loyd,12/06/2016 19:16:55,06/12/2016 11:16,143
DianarinAdorardred,05/15/2015 18:44:13,15/05/2015 10:44,149
ThorgaghmaLai,05/15/2015 18:44:18,15/05/2015 10:44,76
FerdavynaCentrirus,05/14/2015 23:29:18,14/05/2015 15:29,137
petouchoque,10/28/2015 20:29:53,28/10/2015 12:29,1
AriundisVugar,05/15/2015 19:11:09,15/05/2015 11:11,182
CordaronGavinralbin,05/15/2015 21:17:11,15/05/2015 13:17,185
stand-alone-shell,01/13/2018 18:43:28,13/01/2018 10:43,121
DelaranaBatius,05/15/2015 21:17:24,15/05/2015 13:17,179
BallardredTholak,05/14/2015 23:58:52,14/05/2015 15:58,195
MalalladorSincliff,05/15/2015 19:55:47,15/05/2015 11:55,196
jojouel,10/25/2016 16:40:54,25/10/2016 08:40,195
violinslipper,10/25/2016 23:34:28,25/10/2016 15:34,87
caterpillarclass,10/27/2016 00:14:53,26/10/2016 16:14,98
AxeseekerMightwind,05/15/2015 22:06:50,15/05/2015 14:06,216
SamugoreKekelv,05/15/2015 21:40:53,15/05/2015 13:40,283
patsy_rudolph,12/06/2016 21:18:56,06/12/2016 13:18,257
DelalbineSilvershad,05/15/2015 18:44:49,15/05/2015 10:44,259
DearDearBear,12/06/2016 17:27:44,06/12/2016 09:27,260
DarusCege,05/15/2015 22:06:37,15/05/2015 14:06,241
RedGov,10/24/2016 20:46:15,24/10/2016 12:46,236
malefane,10/25/2016 16:59:33,25/10/2016 08:59,68
PeriniusDular,05/15/2015 21:18:26,15/05/2015 13:18,297
vudonrismakasa,05/16/2015 01:18:33,15/05/2015 17:18,306
VudonrisMakasa,05/16/2015 01:18:33,15/05/2015 17:18,306
VukazahnGardagis,05/15/2015 19:29:07,15/05/2015 11:29,328
AndromajurusAragrel,05/15/2015 22:06:22,15/05/2015 14:06,343
HityndiDutilar,05/14/2015 23:26:44,14/05/2015 15:26,357
NekoraJoJolar,05/15/2015 19:56:37,15/05/2015 11:56,335
Dazzle6,10/18/2016 22:26:29,18/10/2016 14:26,4750
rockanda,10/06/2015 22:01:46,06/10/2015 14:01,322
IronwalkerGardred,05/15/2015 21:40:17,15/05/2015 13:40,339
DelanradAgamadwyn,05/15/2015 18:44:54,15/05/2015 10:44,338
FenrilkreeMolabar,05/15/2015 21:18:13,15/05/2015 13:18,346
BludflameMeztirg,05/15/2015 21:40:08,15/05/2015 13:40,356
researchbeggar,10/24/2016 19:40:22,24/10/2016 11:40,317
toffeetear,12/06/2016 00:26:49,05/12/2016 16:26,368
AndrorneGavinrage,05/15/2015 19:55:35,15/05/2015 11:55,403
TebenelBrazragore,05/14/2015 23:27:38,14/05/2015 15:27,379
DaFordremand,05/14/2015 23:57:24,14/05/2015 15:57,401
SharpwingChillshape,05/15/2015 21:17:50,15/05/2015 13:17,412
Gillian0zero0,10/30/2016 23:12:55,30/10/2016 15:12,447
CererinKarn,05/15/2015 19:56:45,15/05/2015 11:56,454
ZukoraTezil,05/15/2015 21:38:38,15/05/2015 13:38,492
Mponeng,10/27/2016 17:36:37,27/10/2016 09:36,708
MnefymPainmane,05/15/2015 19:29:35,15/05/2015 11:29,558
HellwindShadowbreak,05/15/2015 19:29:23,15/05/2015 11:29,625
richwilcom,09/12/2016 05:07:14,11/09/2016 21:07,635
moratutu,10/18/2016 22:57:55,18/10/2016 14:57,703
DalahelmFelharil,05/15/2015 19:10:20,15/05/2015 11:10,636
paulmall112,09/11/2015 22:17:07,11/09/2015 14:17,631
AgamagelvTozshura,05/15/2015 19:10:10,15/05/2015 11:10,847
tishcol,10/07/2015 00:53:46,06/10/2015 16:53,693
lekgotla,12/05/2016 20:29:45,05/12/2016 12:29,738
xameg,02/01/2015 22:44:22,01/02/2015 14:44,624
PeGobei,05/15/2015 22:06:58,15/05/2015 14:06,844
blackie_jack,10/14/2015 01:48:46,13/10/2015 17:48,778
BurigelvGravelbrew,05/15/2015 00:37:34,14/05/2015 16:37,859
MalasarGholbiris,05/15/2015 19:09:48,15/05/2015 11:09,893
UmthDarkfire,05/14/2015 23:57:01,14/05/2015 15:57,455
Graham_Quinn,10/25/2016 18:06:03,25/10/2016 10:06,589
brondran,09/18/2015 01:09:45,17/09/2015 17:09,1111
alex_jonathan,10/20/2015 23:30:31,20/10/2015 15:30,1167
sugarshoehorn,11/02/2016 22:57:09,02/11/2016 14:57,1020
LeyleynFearlessworm,05/14/2015 23:26:11,14/05/2015 15:26,1186
CeginnFonin,05/15/2015 00:37:20,14/05/2015 16:37,1239
Heetmean,11/03/2016 15:32:58,03/11/2016 07:32,798
GoltijindGoltishura,05/15/2015 19:56:10,15/05/2015 11:56,1142
horseeating,10/25/2016 23:16:46,25/10/2016 15:16,366
Meek_Mitchel,10/18/2016 23:15:24,18/10/2016 15:15,944
hadheart,09/23/2015 01:49:59,22/09/2015 17:49,1443
men_like,10/12/2015 10:44:33,12/10/2015 02:44,1468
ThordibandisHugimat,05/15/2015 22:06:18,15/05/2015 14:06,1565
waeqxd,01/28/2016 05:32:23,27/01/2016 21:32,1629
hyddrox,08/06/2016 10:32:24,06/08/2016 02:32,1693
CogdaAnayanara,05/15/2015 21:18:30,15/05/2015 13:18,1840
brant_s,10/24/2015 19:55:44,24/10/2015 11:55,1844
ZamalynodeThothis,05/14/2015 23:43:26,14/05/2015 15:43,1871
fginery,10/24/2016 19:55:40,24/10/2016 11:55,1889
come-true,10/29/2015 05:04:52,28/10/2015 21:04,1949
CereranaKeath,05/15/2015 00:35:00,14/05/2015 16:35,1956
chereese,09/08/2015 23:45:16,08/09/2015 15:45,1964
TojasHellwarden,05/15/2015 19:29:39,15/05/2015 11:29,2210
toffeeathletics,10/30/2016 23:10:50,30/10/2016 15:10,2330
laserathletics,09/01/2016 16:11:20,01/09/2016 08:11,421
peter_stevenson1986,10/20/2015 23:36:49,20/10/2015 15:36,2229
GavinraraFonara,05/15/2015 19:09:43,15/05/2015 11:09,6
ThonisIshnlen,05/15/2015 21:18:35,15/05/2015 13:18,2608
ironzion17,09/09/2015 10:31:25,09/09/2015 02:31,2646
ThontriusBanos,05/15/2015 21:17:16,15/05/2015 13:17,3035
NitaurMaull,05/15/2015 21:17:55,15/05/2015 13:17,3035
MananaraGralsa,05/15/2015 21:39:14,15/05/2015 13:39,3085
kanyebreeze,10/15/2015 12:26:18,15/10/2015 04:26,3391
LalhalaGavinradwyn,05/15/2015 19:10:24,15/05/2015 11:10,3399
NualvCordalace,05/14/2015 23:45:33,14/05/2015 15:45,3463
gordon_br,10/24/2015 22:50:46,24/10/2015 14:50,3446
KiririelCebandis,05/14/2015 23:46:46,14/05/2015 15:46,3486
UelitheLandagelv,05/14/2015 23:26:20,14/05/2015 15:26,3601
dandy1crown,11/02/2016 22:53:12,02/11/2016 14:53,1487
GrisidaColak,05/15/2015 19:55:55,15/05/2015 11:55,3512
alice_boginski,10/20/2015 23:18:30,20/10/2015 15:18,3507
fungon,10/24/2016 19:27:56,24/10/2016 11:27,454
MiraranaMogra,05/14/2015 23:58:34,14/05/2015 15:58,4902
uelithelandagelv,05/14/2015 23:26:20,14/05/2015 15:26,3601
FoshantBloodstone,05/14/2015 23:27:20,14/05/2015 15:27,3629
BeazerneMem,05/15/2015 00:35:23,14/05/2015 16:35,3767
mandeyboy,10/24/2016 19:59:09,24/10/2016 11:59,4176
AriutusMokazahn,05/15/2015 19:29:57,15/05/2015 11:29,4594
clackie,09/23/2015 22:12:25,23/09/2015 14:12,4924
reggaebull,10/15/2015 12:21:22,15/10/2015 04:21,5237
AlsagelvBuriron,05/15/2015 00:36:29,14/05/2015 16:36,6670
deusexmachina112,09/09/2015 10:20:59,09/09/2015 02:20,5485
elsie_c,10/20/2015 00:00:40,19/10/2015 16:00,5454
TedarYozshujin,05/14/2015 23:46:27,14/05/2015 15:46,5671
toneporter,08/06/2016 11:09:53,06/08/2016 03:09,6979
SinmoonYggbandis,05/15/2015 00:37:01,14/05/2015 16:37,7265
dopplegun,05/22/2016 22:42:45,22/05/2016 14:42,9049
Maineylops,03/18/2016 18:16:23,18/03/2016 10:16,12783
Maxwel_Terry,04/19/2016 22:46:36,19/04/2016 14:46,14611
DeusXYX,08/06/2016 10:57:45,06/08/2016 02:57,14413
MasiusShadowshaper,05/15/2015 00:35:32,14/05/2015 16:35,16301
MargasGranidor,05/15/2015 19:55:40,15/05/2015 11:55,23622
Peter_Hurst,03/30/2016 22:02:39,30/03/2016 14:02,20663
erivmalazilkree,05/14/2015 22:43:01,14/05/2015 14:43,21948
King_Andersons,03/22/2016 23:55:53,22/03/2016 15:55,26587
BerskyN,10/18/2016 22:43:29,18/10/2016 14:43,686
WhatImDoindHere,12/29/2015 15:10:38,29/12/2015 07:10,33071
Kevin_Milner,03/30/2016 21:46:36,30/03/2016 13:46,42606
shomyo,05/28/2010 16:44:27,28/05/2010 08:44,45367
rubinjer,11/06/2015 21:26:14,06/11/2015 13:26,99493
